-- MySQL dump 10.13  Distrib 9.4.0, for macos15.4 (arm64)
--
-- Host: localhost    Database: seminuevos_carmona
-- ------------------------------------------------------
-- Server version	9.4.0

/*!40101 SET @OLD_CHARACTER_SET_CLIENT=@@CHARACTER_SET_CLIENT */;
/*!40101 SET @OLD_CHARACTER_SET_RESULTS=@@CHARACTER_SET_RESULTS */;
/*!40101 SET @OLD_COLLATION_CONNECTION=@@COLLATION_CONNECTION */;
/*!50503 SET NAMES utf8mb4 */;
/*!40103 SET @OLD_TIME_ZONE=@@TIME_ZONE */;
/*!40103 SET TIME_ZONE='+00:00' */;
/*!40014 SET @OLD_UNIQUE_CHECKS=@@UNIQUE_CHECKS, UNIQUE_CHECKS=0 */;
/*!40014 SET @OLD_FOREIGN_KEY_CHECKS=@@FOREIGN_KEY_CHECKS, FOREIGN_KEY_CHECKS=0 */;
/*!40101 SET @OLD_SQL_MODE=@@SQL_MODE, SQL_MODE='NO_AUTO_VALUE_ON_ZERO' */;
/*!40111 SET @OLD_SQL_NOTES=@@SQL_NOTES, SQL_NOTES=0 */;

--
-- Table structure for table `banners`
--

DROP TABLE IF EXISTS `banners`;
/*!40101 SET @saved_cs_client     = @@character_set_client */;
/*!50503 SET character_set_client = utf8mb4 */;
CREATE TABLE `banners` (
  `id` bigint unsigned NOT NULL AUTO_INCREMENT,
  `type` varchar(255) COLLATE utf8mb4_unicode_ci NOT NULL DEFAULT 'promo',
  `title` varchar(255) COLLATE utf8mb4_unicode_ci DEFAULT NULL,
  `subtitle` varchar(255) COLLATE utf8mb4_unicode_ci DEFAULT NULL,
  `button_text` varchar(255) COLLATE utf8mb4_unicode_ci DEFAULT 'Ver más',
  `style` varchar(255) COLLATE utf8mb4_unicode_ci NOT NULL DEFAULT 'standard',
  `image_path` text COLLATE utf8mb4_unicode_ci,
  `mobile_image_path` varchar(255) COLLATE utf8mb4_unicode_ci DEFAULT NULL,
  `video_path` varchar(255) COLLATE utf8mb4_unicode_ci DEFAULT NULL,
  `link` varchar(255) COLLATE utf8mb4_unicode_ci DEFAULT NULL,
  `sort_order` int NOT NULL DEFAULT '0',
  `is_active` tinyint(1) NOT NULL DEFAULT '1',
  `created_at` timestamp NULL DEFAULT NULL,
  `updated_at` timestamp NULL DEFAULT NULL,
  `category_id` bigint unsigned DEFAULT NULL,
  PRIMARY KEY (`id`),
  KEY `banners_category_id_foreign` (`category_id`),
  CONSTRAINT `banners_category_id_foreign` FOREIGN KEY (`category_id`) REFERENCES `categories` (`id`) ON DELETE SET NULL
) ENGINE=InnoDB AUTO_INCREMENT=12 DEFAULT CHARSET=utf8mb4 COLLATE=utf8mb4_unicode_ci;
/*!40101 SET character_set_client = @saved_cs_client */;

--
-- Dumping data for table `banners`
--

LOCK TABLES `banners` WRITE;
/*!40000 ALTER TABLE `banners` DISABLE KEYS */;
INSERT INTO `banners` VALUES (1,'hero',NULL,NULL,'Ver más','standard','[\"banners\\/01KF30ANWNRDXPMN2XCT3E9687.webp\",\"banners\\/01KF30ANWPCPNRPD69X0PPE6MJ.webp\",\"banners\\/01KF30ANWRA98YQ3ZY8Q1CR3P4.webp\"]',NULL,NULL,NULL,0,1,'2025-12-17 17:00:51','2026-01-16 12:40:38',NULL),(2,'promo','Premium','Los mejores seminuevos de Gama Alta','Ver más','premium','[\"banners\\/01KF315A0CDJCRW6A8PJMFDSDT.webp\"]',NULL,NULL,'/catalogo?is_premium=1',1,1,'2026-01-08 12:14:04','2026-01-16 12:11:29',NULL),(3,'promo','Seminuevos','Los mejores autos de todas las marcas','Ver más','standard','[\"banners\\/01KF316BD9GY8Y1GR6E7572S7A.webp\"]',NULL,NULL,'/catalogo',2,1,'2026-01-08 12:15:23','2026-01-16 12:11:44',NULL),(4,'promo','Motos','Descubre todas nuestras motos seminuevas','Ver más','standard','[\"banners\\/01KF317HTMHQ6KRZZAYQGNB1MG.webp\"]',NULL,NULL,NULL,3,1,'2026-01-08 12:16:41','2026-01-16 12:15:23',2),(5,'promo','Camiones','Camiones Usados de todos los tamaños','Ver más','standard','[\"banners\\/01KF318CJT5276ENCM34RCYA0E.webp\"]',NULL,NULL,NULL,4,1,'2026-01-08 12:17:45','2026-01-16 12:12:51',3),(7,'full',NULL,NULL,'Ver más','standard','[\"banners\\/01KF319RH1KPGEJAETDDYPSJ7W.webp\"]','banners/01KF31A7HDJ3GQX1RCH9R1YJHT.webp',NULL,'/catalogo',0,1,'2026-01-08 16:05:38','2026-01-16 12:13:51',NULL),(8,'catalog',NULL,NULL,'Ver más','standard','[\"banners\\/01KF31BRZJH7WTA7G4D1CAVZ6W.webp\"]',NULL,NULL,NULL,0,1,'2026-01-10 13:44:57','2026-01-16 12:14:42',7),(9,'promo','Camionetas','Descubre todas las camionetas disponibles ','Ver más','standard','[\"banners\\/01KF31CEFQE1SQ6GY9GVZ7HR7W.webp\"]',NULL,NULL,NULL,5,1,'2026-01-16 11:41:53','2026-01-16 12:15:04',7),(10,'catalog',NULL,NULL,'Ver más','standard','[\"banners\\/01KF35E9640168JYWQ7G7672MK.webp\"]',NULL,NULL,NULL,0,1,'2026-01-16 13:20:35','2026-01-16 13:25:58',2),(11,'catalog',NULL,NULL,'Ver más','standard','[\"banners\\/01KF35MH3HWPYGZV798658BEE9.webp\"]',NULL,NULL,'/catalogo',0,1,'2026-01-16 13:29:23','2026-01-16 13:29:23',NULL);
/*!40000 ALTER TABLE `banners` ENABLE KEYS */;
UNLOCK TABLES;

--
-- Table structure for table `brands`
--

DROP TABLE IF EXISTS `brands`;
/*!40101 SET @saved_cs_client     = @@character_set_client */;
/*!50503 SET character_set_client = utf8mb4 */;
CREATE TABLE `brands` (
  `id` bigint unsigned NOT NULL AUTO_INCREMENT,
  `name` varchar(255) COLLATE utf8mb4_unicode_ci NOT NULL,
  `slug` varchar(255) COLLATE utf8mb4_unicode_ci NOT NULL,
  `logo` varchar(255) COLLATE utf8mb4_unicode_ci DEFAULT NULL,
  `is_active` tinyint(1) NOT NULL DEFAULT '1',
  `created_at` timestamp NULL DEFAULT NULL,
  `updated_at` timestamp NULL DEFAULT NULL,
  PRIMARY KEY (`id`),
  UNIQUE KEY `brands_name_unique` (`name`),
  UNIQUE KEY `brands_slug_unique` (`slug`)
) ENGINE=InnoDB AUTO_INCREMENT=31 DEFAULT CHARSET=utf8mb4 COLLATE=utf8mb4_unicode_ci;
/*!40101 SET character_set_client = @saved_cs_client */;

--
-- Dumping data for table `brands`
--

LOCK TABLES `brands` WRITE;
/*!40000 ALTER TABLE `brands` DISABLE KEYS */;
INSERT INTO `brands` VALUES (1,'BMW','bmw',NULL,1,'2025-12-17 17:09:47','2025-12-17 17:09:47'),(2,'Otras Marcas','otras-marcas',NULL,1,'2025-12-17 22:48:12','2025-12-17 22:48:12'),(3,'Audi','audi',NULL,1,'2025-12-17 23:27:21','2025-12-17 23:27:21'),(4,'Volkswagen','volkswagen',NULL,1,'2025-12-17 23:27:21','2025-12-17 23:27:21'),(5,'Changan','changan',NULL,1,'2025-12-17 23:27:21','2025-12-17 23:27:21'),(6,'MG','mg',NULL,1,'2025-12-17 23:27:21','2025-12-17 23:27:21'),(7,'DS','ds',NULL,1,'2025-12-17 23:27:21','2025-12-17 23:27:21'),(8,'Maxus','maxus',NULL,1,'2025-12-17 23:27:21','2025-12-17 23:27:21'),(9,'Subaru','subaru',NULL,1,'2025-12-17 23:27:21','2025-12-17 23:27:21'),(10,'Mercedes Benz','mercedes-benz',NULL,1,'2025-12-17 23:27:21','2025-12-17 23:27:21'),(11,'Citroën','citroen',NULL,1,'2025-12-17 23:27:21','2025-12-17 23:27:21'),(12,'Toyota','toyota',NULL,1,'2025-12-17 23:27:21','2025-12-17 23:27:21'),(13,'Jeep','jeep',NULL,1,'2025-12-17 23:27:21','2025-12-17 23:27:21'),(14,'Suzuki','suzuki',NULL,1,'2025-12-17 23:27:21','2025-12-17 23:27:21'),(15,'Volvo','volvo',NULL,1,'2025-12-17 23:27:21','2025-12-17 23:27:21'),(16,'Chevrolet','chevrolet',NULL,1,'2025-12-17 23:27:21','2025-12-17 23:27:21'),(17,'Foton','foton',NULL,1,'2025-12-17 23:27:22','2025-12-17 23:27:22'),(18,'Peugeot','peugeot',NULL,1,'2025-12-17 23:27:22','2025-12-17 23:27:22'),(19,'Kia Motors','kia-motors',NULL,1,'2025-12-17 23:29:47','2025-12-17 23:29:47'),(20,'Geely','geely',NULL,1,'2025-12-17 23:29:47','2025-12-17 23:29:47'),(21,'Jac','jac',NULL,1,'2025-12-17 23:29:47','2025-12-17 23:29:47'),(22,'Mini','mini',NULL,1,'2025-12-17 23:29:48','2025-12-17 23:29:48'),(23,'Honda','honda',NULL,1,'2025-12-17 23:29:48','2025-12-17 23:29:48'),(24,'Ford','ford',NULL,1,'2025-12-17 23:29:48','2025-12-17 23:29:48'),(25,'Nissan','nissan',NULL,1,'2025-12-17 23:29:48','2025-12-17 23:29:48'),(26,'DFSK','dfsk',NULL,1,'2025-12-17 23:29:48','2025-12-17 23:29:48'),(27,'Chery','chery',NULL,1,'2025-12-17 23:29:48','2025-12-17 23:29:48'),(28,'Hyundai','hyundai',NULL,1,'2025-12-17 23:29:48','2025-12-17 23:29:48'),(29,'Mitsubishi','mitsubishi',NULL,1,'2025-12-17 23:29:48','2025-12-17 23:29:48'),(30,'Jetour','jetour',NULL,1,'2025-12-17 23:29:48','2025-12-17 23:29:48');
/*!40000 ALTER TABLE `brands` ENABLE KEYS */;
UNLOCK TABLES;

--
-- Table structure for table `cache`
--

DROP TABLE IF EXISTS `cache`;
/*!40101 SET @saved_cs_client     = @@character_set_client */;
/*!50503 SET character_set_client = utf8mb4 */;
CREATE TABLE `cache` (
  `key` varchar(255) COLLATE utf8mb4_unicode_ci NOT NULL,
  `value` mediumtext COLLATE utf8mb4_unicode_ci NOT NULL,
  `expiration` int NOT NULL,
  PRIMARY KEY (`key`)
) ENGINE=InnoDB DEFAULT CHARSET=utf8mb4 COLLATE=utf8mb4_unicode_ci;
/*!40101 SET character_set_client = @saved_cs_client */;

--
-- Dumping data for table `cache`
--

LOCK TABLES `cache` WRITE;
/*!40000 ALTER TABLE `cache` DISABLE KEYS */;
INSERT INTO `cache` VALUES ('laravel-cache-356a192b7913b04c54574d18c28d46e6395428ab','i:1;',1768564428),('laravel-cache-356a192b7913b04c54574d18c28d46e6395428ab:timer','i:1768564428;',1768564428),('laravel-cache-livewire-rate-limiter:a17961fa74e9275d529f489537f179c05d50c2f3','i:1;',1768552601),('laravel-cache-livewire-rate-limiter:a17961fa74e9275d529f489537f179c05d50c2f3:timer','i:1768552601;',1768552601);
/*!40000 ALTER TABLE `cache` ENABLE KEYS */;
UNLOCK TABLES;

--
-- Table structure for table `cache_locks`
--

DROP TABLE IF EXISTS `cache_locks`;
/*!40101 SET @saved_cs_client     = @@character_set_client */;
/*!50503 SET character_set_client = utf8mb4 */;
CREATE TABLE `cache_locks` (
  `key` varchar(255) COLLATE utf8mb4_unicode_ci NOT NULL,
  `owner` varchar(255) COLLATE utf8mb4_unicode_ci NOT NULL,
  `expiration` int NOT NULL,
  PRIMARY KEY (`key`)
) ENGINE=InnoDB DEFAULT CHARSET=utf8mb4 COLLATE=utf8mb4_unicode_ci;
/*!40101 SET character_set_client = @saved_cs_client */;

--
-- Dumping data for table `cache_locks`
--

LOCK TABLES `cache_locks` WRITE;
/*!40000 ALTER TABLE `cache_locks` DISABLE KEYS */;
/*!40000 ALTER TABLE `cache_locks` ENABLE KEYS */;
UNLOCK TABLES;

--
-- Table structure for table `categories`
--

DROP TABLE IF EXISTS `categories`;
/*!40101 SET @saved_cs_client     = @@character_set_client */;
/*!50503 SET character_set_client = utf8mb4 */;
CREATE TABLE `categories` (
  `id` bigint unsigned NOT NULL AUTO_INCREMENT,
  `name` varchar(255) COLLATE utf8mb4_unicode_ci NOT NULL,
  `slug` varchar(255) COLLATE utf8mb4_unicode_ci NOT NULL,
  `filter_query` varchar(255) COLLATE utf8mb4_unicode_ci DEFAULT NULL COMMENT 'Query string especial (ej: is_premium=1)',
  `is_active` tinyint(1) NOT NULL DEFAULT '1',
  `is_menu_item` tinyint(1) NOT NULL DEFAULT '0',
  `menu_order` int NOT NULL DEFAULT '0',
  `created_at` timestamp NULL DEFAULT NULL,
  `updated_at` timestamp NULL DEFAULT NULL,
  `banner_path` varchar(255) COLLATE utf8mb4_unicode_ci DEFAULT NULL,
  PRIMARY KEY (`id`),
  UNIQUE KEY `categories_slug_unique` (`slug`)
) ENGINE=InnoDB AUTO_INCREMENT=10 DEFAULT CHARSET=utf8mb4 COLLATE=utf8mb4_unicode_ci;
/*!40101 SET character_set_client = @saved_cs_client */;

--
-- Dumping data for table `categories`
--

LOCK TABLES `categories` WRITE;
/*!40000 ALTER TABLE `categories` DISABLE KEYS */;
INSERT INTO `categories` VALUES (1,'Hatchback','hatchback',NULL,1,0,0,'2025-12-17 17:10:34','2025-12-17 17:10:34',NULL),(2,'Motos','motos',NULL,1,1,2,'2025-12-17 17:18:18','2026-01-16 13:31:43',NULL),(3,'Camión','camion','?category=camion',1,1,4,'2025-12-17 22:48:12','2026-01-08 12:38:01',NULL),(5,'SUV','suv',NULL,1,0,0,'2025-12-17 23:27:21','2025-12-17 23:27:21',NULL),(6,'Sedán','sedan',NULL,1,0,0,'2025-12-17 23:27:21','2025-12-17 23:27:21',NULL),(7,'Camioneta','camioneta',NULL,1,1,0,'2025-12-17 23:27:21','2026-01-10 13:59:30',NULL),(9,'Station Wagon','station-wagon',NULL,1,0,0,'2025-12-17 23:29:47','2025-12-17 23:29:47',NULL);
/*!40000 ALTER TABLE `categories` ENABLE KEYS */;
UNLOCK TABLES;

--
-- Table structure for table `failed_jobs`
--

DROP TABLE IF EXISTS `failed_jobs`;
/*!40101 SET @saved_cs_client     = @@character_set_client */;
/*!50503 SET character_set_client = utf8mb4 */;
CREATE TABLE `failed_jobs` (
  `id` bigint unsigned NOT NULL AUTO_INCREMENT,
  `uuid` varchar(255) COLLATE utf8mb4_unicode_ci NOT NULL,
  `connection` text COLLATE utf8mb4_unicode_ci NOT NULL,
  `queue` text COLLATE utf8mb4_unicode_ci NOT NULL,
  `payload` longtext COLLATE utf8mb4_unicode_ci NOT NULL,
  `exception` longtext COLLATE utf8mb4_unicode_ci NOT NULL,
  `failed_at` timestamp NOT NULL DEFAULT CURRENT_TIMESTAMP,
  PRIMARY KEY (`id`),
  UNIQUE KEY `failed_jobs_uuid_unique` (`uuid`)
) ENGINE=InnoDB DEFAULT CHARSET=utf8mb4 COLLATE=utf8mb4_unicode_ci;
/*!40101 SET character_set_client = @saved_cs_client */;

--
-- Dumping data for table `failed_jobs`
--

LOCK TABLES `failed_jobs` WRITE;
/*!40000 ALTER TABLE `failed_jobs` DISABLE KEYS */;
/*!40000 ALTER TABLE `failed_jobs` ENABLE KEYS */;
UNLOCK TABLES;

--
-- Table structure for table `job_batches`
--

DROP TABLE IF EXISTS `job_batches`;
/*!40101 SET @saved_cs_client     = @@character_set_client */;
/*!50503 SET character_set_client = utf8mb4 */;
CREATE TABLE `job_batches` (
  `id` varchar(255) COLLATE utf8mb4_unicode_ci NOT NULL,
  `name` varchar(255) COLLATE utf8mb4_unicode_ci NOT NULL,
  `total_jobs` int NOT NULL,
  `pending_jobs` int NOT NULL,
  `failed_jobs` int NOT NULL,
  `failed_job_ids` longtext COLLATE utf8mb4_unicode_ci NOT NULL,
  `options` mediumtext COLLATE utf8mb4_unicode_ci,
  `cancelled_at` int DEFAULT NULL,
  `created_at` int NOT NULL,
  `finished_at` int DEFAULT NULL,
  PRIMARY KEY (`id`)
) ENGINE=InnoDB DEFAULT CHARSET=utf8mb4 COLLATE=utf8mb4_unicode_ci;
/*!40101 SET character_set_client = @saved_cs_client */;

--
-- Dumping data for table `job_batches`
--

LOCK TABLES `job_batches` WRITE;
/*!40000 ALTER TABLE `job_batches` DISABLE KEYS */;
/*!40000 ALTER TABLE `job_batches` ENABLE KEYS */;
UNLOCK TABLES;

--
-- Table structure for table `jobs`
--

DROP TABLE IF EXISTS `jobs`;
/*!40101 SET @saved_cs_client     = @@character_set_client */;
/*!50503 SET character_set_client = utf8mb4 */;
CREATE TABLE `jobs` (
  `id` bigint unsigned NOT NULL AUTO_INCREMENT,
  `queue` varchar(255) COLLATE utf8mb4_unicode_ci NOT NULL,
  `payload` longtext COLLATE utf8mb4_unicode_ci NOT NULL,
  `attempts` tinyint unsigned NOT NULL,
  `reserved_at` int unsigned DEFAULT NULL,
  `available_at` int unsigned NOT NULL,
  `created_at` int unsigned NOT NULL,
  PRIMARY KEY (`id`),
  KEY `jobs_queue_index` (`queue`)
) ENGINE=InnoDB DEFAULT CHARSET=utf8mb4 COLLATE=utf8mb4_unicode_ci;
/*!40101 SET character_set_client = @saved_cs_client */;

--
-- Dumping data for table `jobs`
--

LOCK TABLES `jobs` WRITE;
/*!40000 ALTER TABLE `jobs` DISABLE KEYS */;
/*!40000 ALTER TABLE `jobs` ENABLE KEYS */;
UNLOCK TABLES;

--
-- Table structure for table `locations`
--

DROP TABLE IF EXISTS `locations`;
/*!40101 SET @saved_cs_client     = @@character_set_client */;
/*!50503 SET character_set_client = utf8mb4 */;
CREATE TABLE `locations` (
  `id` bigint unsigned NOT NULL AUTO_INCREMENT,
  `name` varchar(255) COLLATE utf8mb4_unicode_ci NOT NULL,
  `address` varchar(255) COLLATE utf8mb4_unicode_ci NOT NULL,
  `phone` varchar(255) COLLATE utf8mb4_unicode_ci DEFAULT NULL,
  `schedule` varchar(255) COLLATE utf8mb4_unicode_ci DEFAULT NULL,
  `google_maps_url` varchar(255) COLLATE utf8mb4_unicode_ci DEFAULT NULL,
  `city` varchar(255) COLLATE utf8mb4_unicode_ci NOT NULL DEFAULT 'La Serena',
  `image_path` varchar(255) COLLATE utf8mb4_unicode_ci DEFAULT NULL,
  `is_active` tinyint(1) NOT NULL DEFAULT '1',
  `created_at` timestamp NULL DEFAULT NULL,
  `updated_at` timestamp NULL DEFAULT NULL,
  `sort_order` int NOT NULL DEFAULT '0',
  PRIMARY KEY (`id`)
) ENGINE=InnoDB AUTO_INCREMENT=5 DEFAULT CHARSET=utf8mb4 COLLATE=utf8mb4_unicode_ci;
/*!40101 SET character_set_client = @saved_cs_client */;

--
-- Dumping data for table `locations`
--

LOCK TABLES `locations` WRITE;
/*!40000 ALTER TABLE `locations` DISABLE KEYS */;
INSERT INTO `locations` VALUES (1,'Usados Premium','Av. Balmaceda 3720','512200201',NULL,NULL,'La Serena','locations/01KEESKX4DNP6CYV5B8V1DRZ1S.jpeg',1,'2025-12-17 17:15:27','2026-01-16 13:17:55',0),(2,'Usados & Seminuevos','Av. Balmaceda 3570','512200201',NULL,NULL,'La Serena','locations/01KEET459ARBCA763S6B6GRH64.jpg',1,'2025-12-17 17:15:44','2026-01-10 23:57:04',0),(4,'Sucursal BMW','Av. Balmaceda 5508, La Serena','512200200',NULL,NULL,'La Serena','locations/01KF3ADAD9WMAV3MJ82918PKKQ.webp',1,'2026-01-16 14:23:53','2026-01-16 14:52:49',0);
/*!40000 ALTER TABLE `locations` ENABLE KEYS */;
UNLOCK TABLES;

--
-- Table structure for table `migrations`
--

DROP TABLE IF EXISTS `migrations`;
/*!40101 SET @saved_cs_client     = @@character_set_client */;
/*!50503 SET character_set_client = utf8mb4 */;
CREATE TABLE `migrations` (
  `id` int unsigned NOT NULL AUTO_INCREMENT,
  `migration` varchar(255) COLLATE utf8mb4_unicode_ci NOT NULL,
  `batch` int NOT NULL,
  PRIMARY KEY (`id`)
) ENGINE=InnoDB AUTO_INCREMENT=31 DEFAULT CHARSET=utf8mb4 COLLATE=utf8mb4_unicode_ci;
/*!40101 SET character_set_client = @saved_cs_client */;

--
-- Dumping data for table `migrations`
--

LOCK TABLES `migrations` WRITE;
/*!40000 ALTER TABLE `migrations` DISABLE KEYS */;
INSERT INTO `migrations` VALUES (1,'0001_01_01_000000_create_users_table',1),(2,'0001_01_01_000001_create_cache_table',1),(3,'0001_01_01_000002_create_jobs_table',1),(4,'2025_12_01_162749_create_brands_table',1),(5,'2025_12_01_162749_create_categories_table',1),(6,'2025_12_01_162749_create_locations_table',1),(7,'2025_12_01_162749_create_whatsapp_numbers_table',1),(8,'2025_12_01_162750_create_vehicles_table',1),(9,'2025_12_01_162751_create_vehicle_photos_table',1),(10,'2025_12_01_173533_create_banners_table',1),(11,'2025_12_01_190749_add_fields_to_banners_table',1),(12,'2025_12_01_194034_upgrade_banners_table',1),(13,'2025_12_01_232239_create_site_settings_table',1),(14,'2025_12_09_142912_add_role_to_users_table',1),(15,'2025_12_09_151307_add_role_to_users_table',1),(16,'2025_12_09_154431_create_vehicle_attributes_table',1),(17,'2025_12_09_165629_add_banner_path_to_categories_table',1),(18,'2025_12_09_171931_add_menu_fields_to_categories_table',1),(19,'2025_12_17_205030_create_personal_access_tokens_table',2),(20,'2026_01_08_122811_add_image_path_to_locations_table',3),(21,'2026_01_09_001943_create_tags_table',4),(22,'2026_01_09_001953_create_tags_table',5),(23,'2026_01_09_115505_add_pricing_fields_to_vehicles_table',5),(24,'2026_01_16_085126_change_banners_image_path_to_json',6),(25,'2026_01_16_104713_add_for_premium_only_to_whatsapp_numbers_table',7),(27,'2026_01_16_110142_add_social_links_to_site_settings_table',8),(28,'2026_01_16_114304_add_sort_order_to_locations_table',9),(29,'2026_01_16_115009_add_sort_order_to_locations_table',10),(30,'2026_01_16_115515_add_schedule_and_maps_url_to_locations_table',11);
/*!40000 ALTER TABLE `migrations` ENABLE KEYS */;
UNLOCK TABLES;

--
-- Table structure for table `password_reset_tokens`
--

DROP TABLE IF EXISTS `password_reset_tokens`;
/*!40101 SET @saved_cs_client     = @@character_set_client */;
/*!50503 SET character_set_client = utf8mb4 */;
CREATE TABLE `password_reset_tokens` (
  `email` varchar(255) COLLATE utf8mb4_unicode_ci NOT NULL,
  `token` varchar(255) COLLATE utf8mb4_unicode_ci NOT NULL,
  `created_at` timestamp NULL DEFAULT NULL,
  PRIMARY KEY (`email`)
) ENGINE=InnoDB DEFAULT CHARSET=utf8mb4 COLLATE=utf8mb4_unicode_ci;
/*!40101 SET character_set_client = @saved_cs_client */;

--
-- Dumping data for table `password_reset_tokens`
--

LOCK TABLES `password_reset_tokens` WRITE;
/*!40000 ALTER TABLE `password_reset_tokens` DISABLE KEYS */;
/*!40000 ALTER TABLE `password_reset_tokens` ENABLE KEYS */;
UNLOCK TABLES;

--
-- Table structure for table `personal_access_tokens`
--

DROP TABLE IF EXISTS `personal_access_tokens`;
/*!40101 SET @saved_cs_client     = @@character_set_client */;
/*!50503 SET character_set_client = utf8mb4 */;
CREATE TABLE `personal_access_tokens` (
  `id` bigint unsigned NOT NULL AUTO_INCREMENT,
  `tokenable_type` varchar(255) COLLATE utf8mb4_unicode_ci NOT NULL,
  `tokenable_id` bigint unsigned NOT NULL,
  `name` text COLLATE utf8mb4_unicode_ci NOT NULL,
  `token` varchar(64) COLLATE utf8mb4_unicode_ci NOT NULL,
  `abilities` text COLLATE utf8mb4_unicode_ci,
  `last_used_at` timestamp NULL DEFAULT NULL,
  `expires_at` timestamp NULL DEFAULT NULL,
  `created_at` timestamp NULL DEFAULT NULL,
  `updated_at` timestamp NULL DEFAULT NULL,
  PRIMARY KEY (`id`),
  UNIQUE KEY `personal_access_tokens_token_unique` (`token`),
  KEY `personal_access_tokens_tokenable_type_tokenable_id_index` (`tokenable_type`,`tokenable_id`),
  KEY `personal_access_tokens_expires_at_index` (`expires_at`)
) ENGINE=InnoDB DEFAULT CHARSET=utf8mb4 COLLATE=utf8mb4_unicode_ci;
/*!40101 SET character_set_client = @saved_cs_client */;

--
-- Dumping data for table `personal_access_tokens`
--

LOCK TABLES `personal_access_tokens` WRITE;
/*!40000 ALTER TABLE `personal_access_tokens` DISABLE KEYS */;
/*!40000 ALTER TABLE `personal_access_tokens` ENABLE KEYS */;
UNLOCK TABLES;

--
-- Table structure for table `sessions`
--

DROP TABLE IF EXISTS `sessions`;
/*!40101 SET @saved_cs_client     = @@character_set_client */;
/*!50503 SET character_set_client = utf8mb4 */;
CREATE TABLE `sessions` (
  `id` varchar(255) COLLATE utf8mb4_unicode_ci NOT NULL,
  `user_id` bigint unsigned DEFAULT NULL,
  `ip_address` varchar(45) COLLATE utf8mb4_unicode_ci DEFAULT NULL,
  `user_agent` text COLLATE utf8mb4_unicode_ci,
  `payload` longtext COLLATE utf8mb4_unicode_ci NOT NULL,
  `last_activity` int NOT NULL,
  PRIMARY KEY (`id`),
  KEY `sessions_user_id_index` (`user_id`),
  KEY `sessions_last_activity_index` (`last_activity`)
) ENGINE=InnoDB DEFAULT CHARSET=utf8mb4 COLLATE=utf8mb4_unicode_ci;
/*!40101 SET character_set_client = @saved_cs_client */;

--
-- Dumping data for table `sessions`
--

LOCK TABLES `sessions` WRITE;
/*!40000 ALTER TABLE `sessions` DISABLE KEYS */;
INSERT INTO `sessions` VALUES ('KFcYG5F1LoiZ1tRHAYxUhH2nEYaiEXugtmvP2nkK',1,'127.0.0.1','Mozilla/5.0 (Macintosh; Intel Mac OS X 10_15_7) AppleWebKit/537.36 (KHTML, like Gecko) Chrome/144.0.0.0 Safari/537.36','YTo4OntzOjY6Il90b2tlbiI7czo0MDoiM2IzT3ZpYkhhWnNGaG9VR0xkazBiNHhHbW50MTV1T0ZvSEVQYU9YVCI7czo5OiJfcHJldmlvdXMiO2E6Mjp7czozOiJ1cmwiO3M6Mjc6Imh0dHA6Ly8xMjcuMC4wLjE6ODAwMC9hZG1pbiI7czo1OiJyb3V0ZSI7czozMDoiZmlsYW1lbnQuYWRtaW4ucGFnZXMuZGFzaGJvYXJkIjt9czo2OiJfZmxhc2giO2E6Mjp7czozOiJvbGQiO2E6MDp7fXM6MzoibmV3IjthOjA6e319czozOiJ1cmwiO2E6MDp7fXM6NTA6ImxvZ2luX3dlYl81OWJhMzZhZGRjMmIyZjk0MDE1ODBmMDE0YzdmNThlYTRlMzA5ODlkIjtpOjE7czoxNzoicGFzc3dvcmRfaGFzaF93ZWIiO3M6NjA6IiQyeSQxMiRPYWI3OU5pcG9SOGtpYkNiL1g3eFIuc2VjQm9oWHk0cXFFR091bFBHSkVlL2VlSFJEdU5KZSI7czo4OiJmaWxhbWVudCI7YTowOnt9czo2OiJ0YWJsZXMiO2E6MTp7czo0MToiNGY1Zjk2NjYzMDA5NjgwOWE1MGY3MDk4NjY3ZjExYTBfcGVyX3BhZ2UiO3M6MjoiNTAiO319',1768564889);
/*!40000 ALTER TABLE `sessions` ENABLE KEYS */;
UNLOCK TABLES;

--
-- Table structure for table `site_settings`
--

DROP TABLE IF EXISTS `site_settings`;
/*!40101 SET @saved_cs_client     = @@character_set_client */;
/*!50503 SET character_set_client = utf8mb4 */;
CREATE TABLE `site_settings` (
  `id` bigint unsigned NOT NULL AUTO_INCREMENT,
  `seasonal_mode` varchar(255) COLLATE utf8mb4_unicode_ci NOT NULL DEFAULT 'none',
  `created_at` timestamp NULL DEFAULT NULL,
  `updated_at` timestamp NULL DEFAULT NULL,
  `instagram_url` varchar(255) COLLATE utf8mb4_unicode_ci DEFAULT NULL,
  `facebook_url` varchar(255) COLLATE utf8mb4_unicode_ci DEFAULT NULL,
  `linkedin_url` varchar(255) COLLATE utf8mb4_unicode_ci DEFAULT NULL,
  `youtube_url` varchar(255) COLLATE utf8mb4_unicode_ci DEFAULT NULL,
  PRIMARY KEY (`id`)
) ENGINE=InnoDB AUTO_INCREMENT=2 DEFAULT CHARSET=utf8mb4 COLLATE=utf8mb4_unicode_ci;
/*!40101 SET character_set_client = @saved_cs_client */;

--
-- Dumping data for table `site_settings`
--

LOCK TABLES `site_settings` WRITE;
/*!40000 ALTER TABLE `site_settings` DISABLE KEYS */;
INSERT INTO `site_settings` VALUES (1,'none','2026-01-16 12:43:19','2026-01-16 14:13:13','https://www.instagram.com/carmonaycia.cl/',NULL,NULL,NULL);
/*!40000 ALTER TABLE `site_settings` ENABLE KEYS */;
UNLOCK TABLES;

--
-- Table structure for table `tag_vehicle`
--

DROP TABLE IF EXISTS `tag_vehicle`;
/*!40101 SET @saved_cs_client     = @@character_set_client */;
/*!50503 SET character_set_client = utf8mb4 */;
CREATE TABLE `tag_vehicle` (
  `id` bigint unsigned NOT NULL AUTO_INCREMENT,
  `vehicle_id` bigint unsigned NOT NULL,
  `tag_id` bigint unsigned NOT NULL,
  `created_at` timestamp NULL DEFAULT NULL,
  `updated_at` timestamp NULL DEFAULT NULL,
  PRIMARY KEY (`id`),
  KEY `tag_vehicle_vehicle_id_foreign` (`vehicle_id`),
  KEY `tag_vehicle_tag_id_foreign` (`tag_id`),
  CONSTRAINT `tag_vehicle_tag_id_foreign` FOREIGN KEY (`tag_id`) REFERENCES `tags` (`id`) ON DELETE CASCADE,
  CONSTRAINT `tag_vehicle_vehicle_id_foreign` FOREIGN KEY (`vehicle_id`) REFERENCES `vehicles` (`id`) ON DELETE CASCADE
) ENGINE=InnoDB AUTO_INCREMENT=15 DEFAULT CHARSET=utf8mb4 COLLATE=utf8mb4_unicode_ci;
/*!40101 SET character_set_client = @saved_cs_client */;

--
-- Dumping data for table `tag_vehicle`
--

LOCK TABLES `tag_vehicle` WRITE;
/*!40000 ALTER TABLE `tag_vehicle` DISABLE KEYS */;
INSERT INTO `tag_vehicle` VALUES (12,83,4,NULL,NULL),(13,82,2,NULL,NULL),(14,84,3,NULL,NULL);
/*!40000 ALTER TABLE `tag_vehicle` ENABLE KEYS */;
UNLOCK TABLES;

--
-- Table structure for table `tags`
--

DROP TABLE IF EXISTS `tags`;
/*!40101 SET @saved_cs_client     = @@character_set_client */;
/*!50503 SET character_set_client = utf8mb4 */;
CREATE TABLE `tags` (
  `id` bigint unsigned NOT NULL AUTO_INCREMENT,
  `name` varchar(255) COLLATE utf8mb4_unicode_ci NOT NULL,
  `bg_color` varchar(255) COLLATE utf8mb4_unicode_ci NOT NULL DEFAULT '#000000',
  `text_color` varchar(255) COLLATE utf8mb4_unicode_ci NOT NULL DEFAULT '#ffffff',
  `is_active` tinyint(1) NOT NULL DEFAULT '1',
  `created_at` timestamp NULL DEFAULT NULL,
  `updated_at` timestamp NULL DEFAULT NULL,
  PRIMARY KEY (`id`)
) ENGINE=InnoDB AUTO_INCREMENT=5 DEFAULT CHARSET=utf8mb4 COLLATE=utf8mb4_unicode_ci;
/*!40101 SET character_set_client = @saved_cs_client */;

--
-- Dumping data for table `tags`
--

LOCK TABLES `tags` WRITE;
/*!40000 ALTER TABLE `tags` DISABLE KEYS */;
INSERT INTO `tags` VALUES (2,'Cyber','#031452','#00f0ff',1,'2026-01-09 16:45:36','2026-01-09 17:15:01'),(3,'Oferta','#dc2626','#ffffff',1,'2026-01-09 17:07:46','2026-01-09 17:15:02'),(4,'Liquidación','#ccbf15','#000000',1,'2026-01-09 17:07:46','2026-01-10 13:14:03');
/*!40000 ALTER TABLE `tags` ENABLE KEYS */;
UNLOCK TABLES;

--
-- Table structure for table `users`
--

DROP TABLE IF EXISTS `users`;
/*!40101 SET @saved_cs_client     = @@character_set_client */;
/*!50503 SET character_set_client = utf8mb4 */;
CREATE TABLE `users` (
  `id` bigint unsigned NOT NULL AUTO_INCREMENT,
  `name` varchar(255) COLLATE utf8mb4_unicode_ci NOT NULL,
  `email` varchar(255) COLLATE utf8mb4_unicode_ci NOT NULL,
  `role` enum('admin','seller') COLLATE utf8mb4_unicode_ci NOT NULL DEFAULT 'admin',
  `email_verified_at` timestamp NULL DEFAULT NULL,
  `password` varchar(255) COLLATE utf8mb4_unicode_ci NOT NULL,
  `remember_token` varchar(100) COLLATE utf8mb4_unicode_ci DEFAULT NULL,
  `created_at` timestamp NULL DEFAULT NULL,
  `updated_at` timestamp NULL DEFAULT NULL,
  PRIMARY KEY (`id`),
  UNIQUE KEY `users_email_unique` (`email`)
) ENGINE=InnoDB AUTO_INCREMENT=5 DEFAULT CHARSET=utf8mb4 COLLATE=utf8mb4_unicode_ci;
/*!40101 SET character_set_client = @saved_cs_client */;

--
-- Dumping data for table `users`
--

LOCK TABLES `users` WRITE;
/*!40000 ALTER TABLE `users` DISABLE KEYS */;
INSERT INTO `users` VALUES (1,'Admin Carmona','admin@automotrizcarmona.cl','admin',NULL,'$2y$12$Oab79NipoR8kibCb/X7xR.secBohXy4qqEGOulPGJEe/eeHRDuNJe',NULL,'2025-12-17 16:35:08','2025-12-17 16:35:08'),(2,'Sebastian Rodriguez','webmaster@carmonaycia.cl','admin',NULL,'$2y$12$QNAiKOsShixbIqbxnZw9qO2DUgmoP.rt/GLDwgGTARMdCwh5qG9Hi',NULL,'2025-12-17 16:37:51','2025-12-17 16:37:51'),(3,'Manuel Farias','mfarias@carmonaycia.cl','seller',NULL,'$2y$12$7BIi/AdEynm7suDkVZCEiO9p/pHH/fQmFRjvNXCUsbsdt8W/2PJOK',NULL,'2025-12-17 16:38:19','2025-12-17 16:38:19'),(4,'Felipe','test@automotrizcarmona.cl','seller',NULL,'$2y$12$Ji9z6Cj9tIo6D36G0KLbkewKpcJsC5VrZ5igjsNnGchdBKuhOg3ZS',NULL,'2026-01-08 16:28:32','2026-01-08 16:28:32');
/*!40000 ALTER TABLE `users` ENABLE KEYS */;
UNLOCK TABLES;

--
-- Table structure for table `vehicle_attributes`
--

DROP TABLE IF EXISTS `vehicle_attributes`;
/*!40101 SET @saved_cs_client     = @@character_set_client */;
/*!50503 SET character_set_client = utf8mb4 */;
CREATE TABLE `vehicle_attributes` (
  `id` bigint unsigned NOT NULL AUTO_INCREMENT,
  `type` varchar(255) COLLATE utf8mb4_unicode_ci NOT NULL,
  `name` varchar(255) COLLATE utf8mb4_unicode_ci NOT NULL,
  `is_active` tinyint(1) NOT NULL DEFAULT '1',
  `created_at` timestamp NULL DEFAULT NULL,
  `updated_at` timestamp NULL DEFAULT NULL,
  PRIMARY KEY (`id`)
) ENGINE=InnoDB AUTO_INCREMENT=13 DEFAULT CHARSET=utf8mb4 COLLATE=utf8mb4_unicode_ci;
/*!40101 SET character_set_client = @saved_cs_client */;

--
-- Dumping data for table `vehicle_attributes`
--

LOCK TABLES `vehicle_attributes` WRITE;
/*!40000 ALTER TABLE `vehicle_attributes` DISABLE KEYS */;
INSERT INTO `vehicle_attributes` VALUES (1,'transmission','Automática',1,'2025-12-17 17:15:59','2025-12-17 17:15:59'),(2,'transmission','Mecánica',1,'2025-12-17 17:16:19','2025-12-17 17:16:19'),(3,'fuel','Diesel',1,'2025-12-17 17:16:41','2025-12-17 17:16:41'),(4,'fuel','Gasolina',1,'2025-12-17 17:16:51','2025-12-17 17:16:51'),(5,'fuel','Híbrido',1,'2025-12-17 17:16:56','2025-12-17 17:16:56'),(6,'fuel','Eléctrico',1,'2025-12-17 17:17:05','2025-12-17 17:17:05'),(7,'traction','FWD',1,'2025-12-17 17:17:33','2025-12-17 17:17:33'),(8,'traction','RWD',1,'2025-12-17 17:17:38','2025-12-17 17:17:38'),(9,'traction','AWD',1,'2025-12-17 17:17:46','2025-12-17 17:17:46'),(10,'traction','4WD',1,'2025-12-17 17:17:54','2025-12-17 17:17:54'),(11,'fuel','Bencina',1,'2025-12-17 23:09:02','2025-12-17 23:09:02'),(12,'traction','4x2',1,'2025-12-17 23:09:02','2025-12-17 23:09:02');
/*!40000 ALTER TABLE `vehicle_attributes` ENABLE KEYS */;
UNLOCK TABLES;

--
-- Table structure for table `vehicle_photos`
--

DROP TABLE IF EXISTS `vehicle_photos`;
/*!40101 SET @saved_cs_client     = @@character_set_client */;
/*!50503 SET character_set_client = utf8mb4 */;
CREATE TABLE `vehicle_photos` (
  `id` bigint unsigned NOT NULL AUTO_INCREMENT,
  `vehicle_id` bigint unsigned NOT NULL,
  `image_path` varchar(255) COLLATE utf8mb4_unicode_ci NOT NULL,
  `sort_order` int NOT NULL DEFAULT '0',
  `is_primary` tinyint(1) NOT NULL DEFAULT '0',
  `created_at` timestamp NULL DEFAULT NULL,
  `updated_at` timestamp NULL DEFAULT NULL,
  PRIMARY KEY (`id`),
  KEY `vehicle_photos_vehicle_id_foreign` (`vehicle_id`),
  CONSTRAINT `vehicle_photos_vehicle_id_foreign` FOREIGN KEY (`vehicle_id`) REFERENCES `vehicles` (`id`) ON DELETE CASCADE
) ENGINE=InnoDB DEFAULT CHARSET=utf8mb4 COLLATE=utf8mb4_unicode_ci;
/*!40101 SET character_set_client = @saved_cs_client */;

--
-- Dumping data for table `vehicle_photos`
--

LOCK TABLES `vehicle_photos` WRITE;
/*!40000 ALTER TABLE `vehicle_photos` DISABLE KEYS */;
/*!40000 ALTER TABLE `vehicle_photos` ENABLE KEYS */;
UNLOCK TABLES;

--
-- Table structure for table `vehicles`
--

DROP TABLE IF EXISTS `vehicles`;
/*!40101 SET @saved_cs_client     = @@character_set_client */;
/*!50503 SET character_set_client = utf8mb4 */;
CREATE TABLE `vehicles` (
  `id` bigint unsigned NOT NULL AUTO_INCREMENT,
  `brand_id` bigint unsigned NOT NULL,
  `location_id` bigint unsigned DEFAULT NULL,
  `category_id` bigint unsigned NOT NULL,
  `model` varchar(255) COLLATE utf8mb4_unicode_ci NOT NULL,
  `year` int NOT NULL,
  `km` int NOT NULL,
  `price` int NOT NULL,
  `price_financing` int DEFAULT NULL,
  `price_offer` int DEFAULT NULL,
  `fuel` varchar(255) COLLATE utf8mb4_unicode_ci DEFAULT NULL,
  `transmission` varchar(255) COLLATE utf8mb4_unicode_ci DEFAULT NULL,
  `traction` varchar(255) COLLATE utf8mb4_unicode_ci DEFAULT NULL,
  `color` varchar(255) COLLATE utf8mb4_unicode_ci DEFAULT NULL,
  `motor` varchar(255) COLLATE utf8mb4_unicode_ci DEFAULT NULL,
  `is_featured` tinyint(1) NOT NULL DEFAULT '0',
  `is_offer` tinyint(1) NOT NULL DEFAULT '0',
  `is_clearance` tinyint(1) NOT NULL DEFAULT '0',
  `is_premium` tinyint(1) NOT NULL DEFAULT '0',
  `is_published` tinyint(1) NOT NULL DEFAULT '1',
  `is_sold` tinyint(1) NOT NULL DEFAULT '0',
  `slug` varchar(255) COLLATE utf8mb4_unicode_ci NOT NULL,
  `description` text COLLATE utf8mb4_unicode_ci,
  `photos` json DEFAULT NULL,
  `deleted_at` timestamp NULL DEFAULT NULL,
  `created_at` timestamp NULL DEFAULT NULL,
  `updated_at` timestamp NULL DEFAULT NULL,
  PRIMARY KEY (`id`),
  UNIQUE KEY `vehicles_slug_unique` (`slug`),
  KEY `vehicles_brand_id_foreign` (`brand_id`),
  KEY `vehicles_location_id_foreign` (`location_id`),
  KEY `vehicles_category_id_foreign` (`category_id`),
  CONSTRAINT `vehicles_brand_id_foreign` FOREIGN KEY (`brand_id`) REFERENCES `brands` (`id`) ON DELETE CASCADE,
  CONSTRAINT `vehicles_category_id_foreign` FOREIGN KEY (`category_id`) REFERENCES `categories` (`id`) ON DELETE CASCADE,
  CONSTRAINT `vehicles_location_id_foreign` FOREIGN KEY (`location_id`) REFERENCES `locations` (`id`) ON DELETE SET NULL
) ENGINE=InnoDB AUTO_INCREMENT=88 DEFAULT CHARSET=utf8mb4 COLLATE=utf8mb4_unicode_ci;
/*!40101 SET character_set_client = @saved_cs_client */;

--
-- Dumping data for table `vehicles`
--

LOCK TABLES `vehicles` WRITE;
/*!40000 ALTER TABLE `vehicles` DISABLE KEYS */;
INSERT INTO `vehicles` VALUES (1,1,1,5,'X5 M Sport Xdrive 30D',2022,33045,59800000,NULL,NULL,'Diesel','Automática','4x2','NEGRO','3000',0,0,1,1,1,0,'bmw-x5-m-sport-xdrive-30d-30-full-aut-ano-2022-2022-cee5','','[\"vehicles/bmw-x5-m-sport-xdrive-30d-30-full-aut-ano-2022-2022-cee5/foto_2.webp\", \"vehicles/bmw-x5-m-sport-xdrive-30d-30-full-aut-ano-2022-2022-cee5/foto_4.webp\", \"vehicles/bmw-x5-m-sport-xdrive-30d-30-full-aut-ano-2022-2022-cee5/foto_1.webp\", \"vehicles/bmw-x5-m-sport-xdrive-30d-30-full-aut-ano-2022-2022-cee5/foto_24.webp\", \"vehicles/bmw-x5-m-sport-xdrive-30d-30-full-aut-ano-2022-2022-cee5/foto_5.webp\", \"vehicles/bmw-x5-m-sport-xdrive-30d-30-full-aut-ano-2022-2022-cee5/foto_9.webp\", \"vehicles/bmw-x5-m-sport-xdrive-30d-30-full-aut-ano-2022-2022-cee5/foto_11.webp\", \"vehicles/bmw-x5-m-sport-xdrive-30d-30-full-aut-ano-2022-2022-cee5/foto_13.webp\", \"vehicles/bmw-x5-m-sport-xdrive-30d-30-full-aut-ano-2022-2022-cee5/foto_17.webp\", \"vehicles/bmw-x5-m-sport-xdrive-30d-30-full-aut-ano-2022-2022-cee5/foto_21.webp\", \"vehicles/bmw-x5-m-sport-xdrive-30d-30-full-aut-ano-2022-2022-cee5/foto_23.webp\", \"vehicles/bmw-x5-m-sport-xdrive-30d-30-full-aut-ano-2022-2022-cee5/foto_25.webp\", \"vehicles/bmw-x5-m-sport-xdrive-30d-30-full-aut-ano-2022-2022-cee5/foto_26.webp\", \"vehicles/bmw-x5-m-sport-xdrive-30d-30-full-aut-ano-2022-2022-cee5/foto_6.webp\", \"vehicles/bmw-x5-m-sport-xdrive-30d-30-full-aut-ano-2022-2022-cee5/foto_7.webp\", \"vehicles/bmw-x5-m-sport-xdrive-30d-30-full-aut-ano-2022-2022-cee5/foto_8.webp\"]',NULL,'2025-12-17 23:33:42','2026-01-16 14:31:58'),(2,3,1,5,'Q5 Quattro Fsi',2020,49100,33990000,NULL,NULL,'Gasolina','Automática','4x2','BLANCO','2000',1,0,0,1,1,0,'audi-q5-quattro-fsi-20-full-aut-ano-2020-2020-zk8y','✅ PRECIO CON BONO DE FINANCIAMIENTO 📋 Solicita requisitos y pie mínimo 📅 Plazos a tu medida ⏱️ Pre-aprobación en 10 minutos','[\"vehicles/audi-q5-quattro-fsi-20-full-aut-ano-2020-2020-zk8y/foto_1.webp\", \"vehicles/audi-q5-quattro-fsi-20-full-aut-ano-2020-2020-zk8y/foto_11.webp\", \"vehicles/audi-q5-quattro-fsi-20-full-aut-ano-2020-2020-zk8y/foto_13.webp\", \"vehicles/audi-q5-quattro-fsi-20-full-aut-ano-2020-2020-zk8y/foto_17.webp\", \"vehicles/audi-q5-quattro-fsi-20-full-aut-ano-2020-2020-zk8y/foto_18.webp\", \"vehicles/audi-q5-quattro-fsi-20-full-aut-ano-2020-2020-zk8y/foto_19.webp\", \"vehicles/audi-q5-quattro-fsi-20-full-aut-ano-2020-2020-zk8y/foto_2.webp\", \"vehicles/audi-q5-quattro-fsi-20-full-aut-ano-2020-2020-zk8y/foto_20.webp\", \"vehicles/audi-q5-quattro-fsi-20-full-aut-ano-2020-2020-zk8y/foto_22.webp\", \"vehicles/audi-q5-quattro-fsi-20-full-aut-ano-2020-2020-zk8y/foto_23.webp\", \"vehicles/audi-q5-quattro-fsi-20-full-aut-ano-2020-2020-zk8y/foto_26.webp\", \"vehicles/audi-q5-quattro-fsi-20-full-aut-ano-2020-2020-zk8y/foto_3.webp\", \"vehicles/audi-q5-quattro-fsi-20-full-aut-ano-2020-2020-zk8y/foto_5.webp\", \"vehicles/audi-q5-quattro-fsi-20-full-aut-ano-2020-2020-zk8y/foto_6.webp\", \"vehicles/audi-q5-quattro-fsi-20-full-aut-ano-2020-2020-zk8y/foto_7.webp\", \"vehicles/audi-q5-quattro-fsi-20-full-aut-ano-2020-2020-zk8y/foto_8.webp\", \"vehicles/audi-q5-quattro-fsi-20-full-aut-ano-2020-2020-zk8y/foto_9.webp\"]',NULL,'2025-12-17 23:33:42','2026-01-16 14:23:48'),(3,4,2,3,'Delivery 6160 Tdi Con Frio',2022,28800,48990000,NULL,NULL,'Diesel','Mecánica','4x2','BLANCO','2800',0,0,0,0,1,0,'volkswagen-delivery-6160-tdi-con-frio-28-full-mec-ano-2022-2022-qm9s','','[\"vehicles/volkswagen-delivery-6160-tdi-con-frio-28-full-mec-ano-2022-2022-qm9s/foto_14.webp\", \"vehicles/volkswagen-delivery-6160-tdi-con-frio-28-full-mec-ano-2022-2022-qm9s/foto_11.webp\", \"vehicles/volkswagen-delivery-6160-tdi-con-frio-28-full-mec-ano-2022-2022-qm9s/foto_16.webp\", \"vehicles/volkswagen-delivery-6160-tdi-con-frio-28-full-mec-ano-2022-2022-qm9s/foto_17.webp\", \"vehicles/volkswagen-delivery-6160-tdi-con-frio-28-full-mec-ano-2022-2022-qm9s/foto_18.webp\", \"vehicles/volkswagen-delivery-6160-tdi-con-frio-28-full-mec-ano-2022-2022-qm9s/foto_2.webp\", \"vehicles/volkswagen-delivery-6160-tdi-con-frio-28-full-mec-ano-2022-2022-qm9s/foto_5.webp\", \"vehicles/volkswagen-delivery-6160-tdi-con-frio-28-full-mec-ano-2022-2022-qm9s/foto_6.webp\"]',NULL,'2025-12-17 23:33:42','2026-01-16 14:24:26'),(4,5,2,5,'Cs35 Plus',2024,13700,13290000,NULL,NULL,'Gasolina','Mecánica','4x2','BLANCO','1600',0,0,0,0,1,0,'changan-cs35-plus-16-full-mec-ano-2024-2024-czc1','','[\"vehicles/changan-cs35-plus-16-full-mec-ano-2024-2024-czc1/foto_1.webp\", \"vehicles/changan-cs35-plus-16-full-mec-ano-2024-2024-czc1/foto_10.webp\", \"vehicles/changan-cs35-plus-16-full-mec-ano-2024-2024-czc1/foto_12.webp\", \"vehicles/changan-cs35-plus-16-full-mec-ano-2024-2024-czc1/foto_13.webp\", \"vehicles/changan-cs35-plus-16-full-mec-ano-2024-2024-czc1/foto_17.webp\", \"vehicles/changan-cs35-plus-16-full-mec-ano-2024-2024-czc1/foto_19.webp\", \"vehicles/changan-cs35-plus-16-full-mec-ano-2024-2024-czc1/foto_2.webp\", \"vehicles/changan-cs35-plus-16-full-mec-ano-2024-2024-czc1/foto_21.webp\", \"vehicles/changan-cs35-plus-16-full-mec-ano-2024-2024-czc1/foto_25.webp\", \"vehicles/changan-cs35-plus-16-full-mec-ano-2024-2024-czc1/foto_3.webp\", \"vehicles/changan-cs35-plus-16-full-mec-ano-2024-2024-czc1/foto_5.webp\", \"vehicles/changan-cs35-plus-16-full-mec-ano-2024-2024-czc1/foto_6.webp\", \"vehicles/changan-cs35-plus-16-full-mec-ano-2024-2024-czc1/foto_7.webp\", \"vehicles/changan-cs35-plus-16-full-mec-ano-2024-2024-czc1/foto_8.webp\", \"vehicles/changan-cs35-plus-16-full-mec-ano-2024-2024-czc1/foto_9.webp\"]',NULL,'2025-12-17 23:33:42','2026-01-16 14:23:56'),(5,6,2,5,'Rx5 Deluxe',2023,110,12990000,NULL,NULL,'Gasolina','Mecánica','4x2','CELESTE','1500',0,0,0,0,1,0,'mg-rx5-deluxe-15-full-mec-ano-2023-2023-d453','','[\"vehicles/mg-rx5-deluxe-15-full-mec-ano-2023-2023-d453/foto_1.webp\", \"vehicles/mg-rx5-deluxe-15-full-mec-ano-2023-2023-d453/foto_11.webp\", \"vehicles/mg-rx5-deluxe-15-full-mec-ano-2023-2023-d453/foto_12.webp\", \"vehicles/mg-rx5-deluxe-15-full-mec-ano-2023-2023-d453/foto_14.webp\", \"vehicles/mg-rx5-deluxe-15-full-mec-ano-2023-2023-d453/foto_16.webp\", \"vehicles/mg-rx5-deluxe-15-full-mec-ano-2023-2023-d453/foto_17.webp\", \"vehicles/mg-rx5-deluxe-15-full-mec-ano-2023-2023-d453/foto_2.webp\", \"vehicles/mg-rx5-deluxe-15-full-mec-ano-2023-2023-d453/foto_21.webp\", \"vehicles/mg-rx5-deluxe-15-full-mec-ano-2023-2023-d453/foto_23.webp\", \"vehicles/mg-rx5-deluxe-15-full-mec-ano-2023-2023-d453/foto_24.webp\", \"vehicles/mg-rx5-deluxe-15-full-mec-ano-2023-2023-d453/foto_25.webp\", \"vehicles/mg-rx5-deluxe-15-full-mec-ano-2023-2023-d453/foto_3.webp\", \"vehicles/mg-rx5-deluxe-15-full-mec-ano-2023-2023-d453/foto_4.webp\", \"vehicles/mg-rx5-deluxe-15-full-mec-ano-2023-2023-d453/foto_7.webp\", \"vehicles/mg-rx5-deluxe-15-full-mec-ano-2023-2023-d453/foto_8.webp\"]',NULL,'2025-12-17 23:33:42','2026-01-16 14:24:11'),(6,4,2,5,'New Tcross Trendline Tsi',2024,9400,14590000,NULL,NULL,'Gasolina','Mecánica','4x2','PLATA','1000',1,0,0,0,1,0,'volkswagen-new-tcross-trendline-tsi-10-full-mec-ano-2024-2024-dd9w','','[\"vehicles/volkswagen-new-tcross-trendline-tsi-10-full-mec-ano-2024-2024-dd9w/foto_11.webp\", \"vehicles/volkswagen-new-tcross-trendline-tsi-10-full-mec-ano-2024-2024-dd9w/foto_13.webp\", \"vehicles/volkswagen-new-tcross-trendline-tsi-10-full-mec-ano-2024-2024-dd9w/foto_14.webp\", \"vehicles/volkswagen-new-tcross-trendline-tsi-10-full-mec-ano-2024-2024-dd9w/foto_17.webp\", \"vehicles/volkswagen-new-tcross-trendline-tsi-10-full-mec-ano-2024-2024-dd9w/foto_18.webp\", \"vehicles/volkswagen-new-tcross-trendline-tsi-10-full-mec-ano-2024-2024-dd9w/foto_2.webp\", \"vehicles/volkswagen-new-tcross-trendline-tsi-10-full-mec-ano-2024-2024-dd9w/foto_22.webp\", \"vehicles/volkswagen-new-tcross-trendline-tsi-10-full-mec-ano-2024-2024-dd9w/foto_24.webp\", \"vehicles/volkswagen-new-tcross-trendline-tsi-10-full-mec-ano-2024-2024-dd9w/foto_25.webp\", \"vehicles/volkswagen-new-tcross-trendline-tsi-10-full-mec-ano-2024-2024-dd9w/foto_3.webp\", \"vehicles/volkswagen-new-tcross-trendline-tsi-10-full-mec-ano-2024-2024-dd9w/foto_4.webp\", \"vehicles/volkswagen-new-tcross-trendline-tsi-10-full-mec-ano-2024-2024-dd9w/foto_5.webp\", \"vehicles/volkswagen-new-tcross-trendline-tsi-10-full-mec-ano-2024-2024-dd9w/foto_7.webp\", \"vehicles/volkswagen-new-tcross-trendline-tsi-10-full-mec-ano-2024-2024-dd9w/foto_8.webp\", \"vehicles/volkswagen-new-tcross-trendline-tsi-10-full-mec-ano-2024-2024-dd9w/foto_9.webp\"]',NULL,'2025-12-17 23:33:42','2026-01-16 14:24:27'),(7,6,2,5,'Hs Comfort',2023,38,13490000,NULL,NULL,'Gasolina','Mecánica','4x2','AZUL','1500',1,0,0,0,1,0,'mg-hs-comfort-turbo-15-full-mec-ano-2023-2023-oeog','','[\"vehicles/mg-hs-comfort-turbo-15-full-mec-ano-2023-2023-oeog/foto_1.webp\", \"vehicles/mg-hs-comfort-turbo-15-full-mec-ano-2023-2023-oeog/foto_12.webp\", \"vehicles/mg-hs-comfort-turbo-15-full-mec-ano-2023-2023-oeog/foto_14.webp\", \"vehicles/mg-hs-comfort-turbo-15-full-mec-ano-2023-2023-oeog/foto_16.webp\", \"vehicles/mg-hs-comfort-turbo-15-full-mec-ano-2023-2023-oeog/foto_2.webp\", \"vehicles/mg-hs-comfort-turbo-15-full-mec-ano-2023-2023-oeog/foto_20.webp\", \"vehicles/mg-hs-comfort-turbo-15-full-mec-ano-2023-2023-oeog/foto_21.webp\", \"vehicles/mg-hs-comfort-turbo-15-full-mec-ano-2023-2023-oeog/foto_23.webp\", \"vehicles/mg-hs-comfort-turbo-15-full-mec-ano-2023-2023-oeog/foto_24.webp\", \"vehicles/mg-hs-comfort-turbo-15-full-mec-ano-2023-2023-oeog/foto_25.webp\", \"vehicles/mg-hs-comfort-turbo-15-full-mec-ano-2023-2023-oeog/foto_4.webp\", \"vehicles/mg-hs-comfort-turbo-15-full-mec-ano-2023-2023-oeog/foto_5.webp\", \"vehicles/mg-hs-comfort-turbo-15-full-mec-ano-2023-2023-oeog/foto_7.webp\", \"vehicles/mg-hs-comfort-turbo-15-full-mec-ano-2023-2023-oeog/foto_8.webp\", \"vehicles/mg-hs-comfort-turbo-15-full-mec-ano-2023-2023-oeog/foto_9.webp\"]',NULL,'2025-12-17 23:33:42','2026-01-16 14:24:12'),(8,1,1,6,'320D',2022,79500,32990000,NULL,NULL,'Diesel','Automática','4x2','AZUL','2000',1,0,0,1,1,0,'bmw-320d-20-full-aut-ano-2022-2022-dwrr','','[\"vehicles/bmw-320d-20-full-aut-ano-2022-2022-dwrr/foto_1.webp\", \"vehicles/bmw-320d-20-full-aut-ano-2022-2022-dwrr/foto_10.webp\", \"vehicles/bmw-320d-20-full-aut-ano-2022-2022-dwrr/foto_11.webp\", \"vehicles/bmw-320d-20-full-aut-ano-2022-2022-dwrr/foto_13.webp\", \"vehicles/bmw-320d-20-full-aut-ano-2022-2022-dwrr/foto_15.webp\", \"vehicles/bmw-320d-20-full-aut-ano-2022-2022-dwrr/foto_16.webp\", \"vehicles/bmw-320d-20-full-aut-ano-2022-2022-dwrr/foto_19.webp\", \"vehicles/bmw-320d-20-full-aut-ano-2022-2022-dwrr/foto_2.webp\", \"vehicles/bmw-320d-20-full-aut-ano-2022-2022-dwrr/foto_21.webp\", \"vehicles/bmw-320d-20-full-aut-ano-2022-2022-dwrr/foto_24.webp\", \"vehicles/bmw-320d-20-full-aut-ano-2022-2022-dwrr/foto_27.webp\", \"vehicles/bmw-320d-20-full-aut-ano-2022-2022-dwrr/foto_28.webp\", \"vehicles/bmw-320d-20-full-aut-ano-2022-2022-dwrr/foto_4.webp\", \"vehicles/bmw-320d-20-full-aut-ano-2022-2022-dwrr/foto_5.webp\", \"vehicles/bmw-320d-20-full-aut-ano-2022-2022-dwrr/foto_6.webp\", \"vehicles/bmw-320d-20-full-aut-ano-2022-2022-dwrr/foto_7.webp\", \"vehicles/bmw-320d-20-full-aut-ano-2022-2022-dwrr/foto_8.webp\", \"vehicles/bmw-320d-20-full-aut-ano-2022-2022-dwrr/foto_9.webp\"]',NULL,'2025-12-17 23:33:42','2026-01-16 14:37:10'),(9,7,2,1,'3 Crossback',2022,98100,13990000,NULL,NULL,'Gasolina','Automática','4x2','GRIS','1200',0,0,0,0,1,0,'ds-3-crossback-12-full-aut-ano-2022-2022-tazt','','[\"vehicles/ds-3-crossback-12-full-aut-ano-2022-2022-tazt/foto_1.webp\", \"vehicles/ds-3-crossback-12-full-aut-ano-2022-2022-tazt/foto_10.webp\", \"vehicles/ds-3-crossback-12-full-aut-ano-2022-2022-tazt/foto_11.webp\", \"vehicles/ds-3-crossback-12-full-aut-ano-2022-2022-tazt/foto_13.webp\", \"vehicles/ds-3-crossback-12-full-aut-ano-2022-2022-tazt/foto_18.webp\", \"vehicles/ds-3-crossback-12-full-aut-ano-2022-2022-tazt/foto_19.webp\", \"vehicles/ds-3-crossback-12-full-aut-ano-2022-2022-tazt/foto_2.webp\", \"vehicles/ds-3-crossback-12-full-aut-ano-2022-2022-tazt/foto_20.webp\", \"vehicles/ds-3-crossback-12-full-aut-ano-2022-2022-tazt/foto_25.webp\", \"vehicles/ds-3-crossback-12-full-aut-ano-2022-2022-tazt/foto_26.webp\", \"vehicles/ds-3-crossback-12-full-aut-ano-2022-2022-tazt/foto_3.webp\", \"vehicles/ds-3-crossback-12-full-aut-ano-2022-2022-tazt/foto_4.webp\", \"vehicles/ds-3-crossback-12-full-aut-ano-2022-2022-tazt/foto_5.webp\", \"vehicles/ds-3-crossback-12-full-aut-ano-2022-2022-tazt/foto_6.webp\", \"vehicles/ds-3-crossback-12-full-aut-ano-2022-2022-tazt/foto_7.webp\", \"vehicles/ds-3-crossback-12-full-aut-ano-2022-2022-tazt/foto_9.webp\"]',NULL,'2025-12-17 23:33:42','2026-01-16 14:24:02'),(10,3,1,5,'Q5 Quattro Fsi',2012,88000,12990000,NULL,NULL,'Gasolina','Automática','4x2','PLATA','2000',0,0,0,1,1,0,'audi-q5-quattro-fsi-20-full-aut-ano-2012-2012-g9id','','[\"vehicles/audi-q5-quattro-fsi-20-full-aut-ano-2012-2012-g9id/foto_1.webp\", \"vehicles/audi-q5-quattro-fsi-20-full-aut-ano-2012-2012-g9id/foto_11.webp\", \"vehicles/audi-q5-quattro-fsi-20-full-aut-ano-2012-2012-g9id/foto_12.webp\", \"vehicles/audi-q5-quattro-fsi-20-full-aut-ano-2012-2012-g9id/foto_14.webp\", \"vehicles/audi-q5-quattro-fsi-20-full-aut-ano-2012-2012-g9id/foto_15.webp\", \"vehicles/audi-q5-quattro-fsi-20-full-aut-ano-2012-2012-g9id/foto_17.webp\", \"vehicles/audi-q5-quattro-fsi-20-full-aut-ano-2012-2012-g9id/foto_2.webp\", \"vehicles/audi-q5-quattro-fsi-20-full-aut-ano-2012-2012-g9id/foto_20.webp\", \"vehicles/audi-q5-quattro-fsi-20-full-aut-ano-2012-2012-g9id/foto_24.webp\", \"vehicles/audi-q5-quattro-fsi-20-full-aut-ano-2012-2012-g9id/foto_25.webp\", \"vehicles/audi-q5-quattro-fsi-20-full-aut-ano-2012-2012-g9id/foto_3.webp\", \"vehicles/audi-q5-quattro-fsi-20-full-aut-ano-2012-2012-g9id/foto_4.webp\", \"vehicles/audi-q5-quattro-fsi-20-full-aut-ano-2012-2012-g9id/foto_6.webp\", \"vehicles/audi-q5-quattro-fsi-20-full-aut-ano-2012-2012-g9id/foto_7.webp\", \"vehicles/audi-q5-quattro-fsi-20-full-aut-ano-2012-2012-g9id/foto_8.webp\", \"vehicles/audi-q5-quattro-fsi-20-full-aut-ano-2012-2012-g9id/foto_9.webp\"]',NULL,'2025-12-17 23:33:42','2026-01-16 14:37:04'),(11,8,2,7,'T60 Dx Tdi',2019,124900,10490000,NULL,NULL,'Diesel','Mecánica','4x2','ROJO','2800',0,0,0,0,1,0,'maxus-t60-dx-4x2-tdi-28-full-mec-ano-2019-2019-f9uo','','[\"vehicles/maxus-t60-dx-4x2-tdi-28-full-mec-ano-2019-2019-f9uo/foto_3.webp\", \"vehicles/maxus-t60-dx-4x2-tdi-28-full-mec-ano-2019-2019-f9uo/foto_20.webp\", \"vehicles/maxus-t60-dx-4x2-tdi-28-full-mec-ano-2019-2019-f9uo/foto_1.webp\", \"vehicles/maxus-t60-dx-4x2-tdi-28-full-mec-ano-2019-2019-f9uo/foto_14.webp\", \"vehicles/maxus-t60-dx-4x2-tdi-28-full-mec-ano-2019-2019-f9uo/foto_16.webp\", \"vehicles/maxus-t60-dx-4x2-tdi-28-full-mec-ano-2019-2019-f9uo/foto_17.webp\", \"vehicles/maxus-t60-dx-4x2-tdi-28-full-mec-ano-2019-2019-f9uo/foto_19.webp\", \"vehicles/maxus-t60-dx-4x2-tdi-28-full-mec-ano-2019-2019-f9uo/foto_21.webp\", \"vehicles/maxus-t60-dx-4x2-tdi-28-full-mec-ano-2019-2019-f9uo/foto_22.webp\", \"vehicles/maxus-t60-dx-4x2-tdi-28-full-mec-ano-2019-2019-f9uo/foto_4.webp\", \"vehicles/maxus-t60-dx-4x2-tdi-28-full-mec-ano-2019-2019-f9uo/foto_6.webp\", \"vehicles/maxus-t60-dx-4x2-tdi-28-full-mec-ano-2019-2019-f9uo/foto_8.webp\"]',NULL,'2025-12-17 23:33:42','2026-01-16 14:24:08'),(12,4,2,5,'New Tcross Trendline Tsi',2024,4700,14590000,NULL,NULL,'Gasolina','Mecánica','4x2','BLANCO','1000',1,0,0,0,1,0,'volkswagen-new-tcross-trendline-tsi-10-full-mec-ano-2024-2024-bsdy','','[\"vehicles/volkswagen-new-tcross-trendline-tsi-10-full-mec-ano-2024-2024-bsdy/foto_10.webp\", \"vehicles/volkswagen-new-tcross-trendline-tsi-10-full-mec-ano-2024-2024-bsdy/foto_11.webp\", \"vehicles/volkswagen-new-tcross-trendline-tsi-10-full-mec-ano-2024-2024-bsdy/foto_13.webp\", \"vehicles/volkswagen-new-tcross-trendline-tsi-10-full-mec-ano-2024-2024-bsdy/foto_15.webp\", \"vehicles/volkswagen-new-tcross-trendline-tsi-10-full-mec-ano-2024-2024-bsdy/foto_18.webp\", \"vehicles/volkswagen-new-tcross-trendline-tsi-10-full-mec-ano-2024-2024-bsdy/foto_19.webp\", \"vehicles/volkswagen-new-tcross-trendline-tsi-10-full-mec-ano-2024-2024-bsdy/foto_2.webp\", \"vehicles/volkswagen-new-tcross-trendline-tsi-10-full-mec-ano-2024-2024-bsdy/foto_23.webp\", \"vehicles/volkswagen-new-tcross-trendline-tsi-10-full-mec-ano-2024-2024-bsdy/foto_25.webp\", \"vehicles/volkswagen-new-tcross-trendline-tsi-10-full-mec-ano-2024-2024-bsdy/foto_3.webp\", \"vehicles/volkswagen-new-tcross-trendline-tsi-10-full-mec-ano-2024-2024-bsdy/foto_4.webp\", \"vehicles/volkswagen-new-tcross-trendline-tsi-10-full-mec-ano-2024-2024-bsdy/foto_5.webp\", \"vehicles/volkswagen-new-tcross-trendline-tsi-10-full-mec-ano-2024-2024-bsdy/foto_6.webp\", \"vehicles/volkswagen-new-tcross-trendline-tsi-10-full-mec-ano-2024-2024-bsdy/foto_7.webp\", \"vehicles/volkswagen-new-tcross-trendline-tsi-10-full-mec-ano-2024-2024-bsdy/foto_9.webp\"]',NULL,'2025-12-17 23:33:42','2026-01-16 14:24:27'),(13,2,2,3,'Faw',2022,45403,59500000,NULL,NULL,'Diesel','Mecanica','4x2','AMARILLO','12800',0,0,0,0,1,0,'otras-marcas-faw-ano-2022-2022-tyic','','[\"vehicles/otras-marcas-faw-ano-2022-2022-tyic/foto_14.webp\", \"vehicles/otras-marcas-faw-ano-2022-2022-tyic/foto_18.webp\", \"vehicles/otras-marcas-faw-ano-2022-2022-tyic/foto_2.webp\", \"vehicles/otras-marcas-faw-ano-2022-2022-tyic/foto_3.webp\", \"vehicles/otras-marcas-faw-ano-2022-2022-tyic/foto_5.webp\", \"vehicles/otras-marcas-faw-ano-2022-2022-tyic/foto_6.webp\", \"vehicles/otras-marcas-faw-ano-2022-2022-tyic/foto_7.webp\", \"vehicles/otras-marcas-faw-ano-2022-2022-tyic/foto_8.webp\"]',NULL,'2025-12-17 23:33:42','2026-01-16 14:24:17'),(14,9,2,5,'Xv',2017,90600,11490000,NULL,NULL,'Gasolina','Mecánica','4x2','PLATA','1600',1,0,0,0,1,0,'subaru-xv-4x4-16-full-mec-ano-2017-2017-3acx','','[\"vehicles/subaru-xv-4x4-16-full-mec-ano-2017-2017-3acx/foto_1.webp\", \"vehicles/subaru-xv-4x4-16-full-mec-ano-2017-2017-3acx/foto_12.webp\", \"vehicles/subaru-xv-4x4-16-full-mec-ano-2017-2017-3acx/foto_13.webp\", \"vehicles/subaru-xv-4x4-16-full-mec-ano-2017-2017-3acx/foto_15.webp\", \"vehicles/subaru-xv-4x4-16-full-mec-ano-2017-2017-3acx/foto_17.webp\", \"vehicles/subaru-xv-4x4-16-full-mec-ano-2017-2017-3acx/foto_18.webp\", \"vehicles/subaru-xv-4x4-16-full-mec-ano-2017-2017-3acx/foto_2.webp\", \"vehicles/subaru-xv-4x4-16-full-mec-ano-2017-2017-3acx/foto_21.webp\", \"vehicles/subaru-xv-4x4-16-full-mec-ano-2017-2017-3acx/foto_24.webp\", \"vehicles/subaru-xv-4x4-16-full-mec-ano-2017-2017-3acx/foto_25.webp\", \"vehicles/subaru-xv-4x4-16-full-mec-ano-2017-2017-3acx/foto_3.webp\", \"vehicles/subaru-xv-4x4-16-full-mec-ano-2017-2017-3acx/foto_5.webp\", \"vehicles/subaru-xv-4x4-16-full-mec-ano-2017-2017-3acx/foto_6.webp\", \"vehicles/subaru-xv-4x4-16-full-mec-ano-2017-2017-3acx/foto_7.webp\", \"vehicles/subaru-xv-4x4-16-full-mec-ano-2017-2017-3acx/foto_9.webp\"]',NULL,'2025-12-17 23:33:42','2026-01-16 14:24:19'),(15,4,2,5,'New Tiguan Sport Tsi',2019,36500,20490000,NULL,NULL,'Gasolina','Automática','4x2','BLANCO','2000',0,0,0,0,1,0,'volkswagen-new-tiguan-sport-4x4-tsi-20-full-aut-ano-2019-2019-zkti','','[\"vehicles/volkswagen-new-tiguan-sport-4x4-tsi-20-full-aut-ano-2019-2019-zkti/foto_1.webp\", \"vehicles/volkswagen-new-tiguan-sport-4x4-tsi-20-full-aut-ano-2019-2019-zkti/foto_10.webp\", \"vehicles/volkswagen-new-tiguan-sport-4x4-tsi-20-full-aut-ano-2019-2019-zkti/foto_11.webp\", \"vehicles/volkswagen-new-tiguan-sport-4x4-tsi-20-full-aut-ano-2019-2019-zkti/foto_13.webp\", \"vehicles/volkswagen-new-tiguan-sport-4x4-tsi-20-full-aut-ano-2019-2019-zkti/foto_14.webp\", \"vehicles/volkswagen-new-tiguan-sport-4x4-tsi-20-full-aut-ano-2019-2019-zkti/foto_15.webp\", \"vehicles/volkswagen-new-tiguan-sport-4x4-tsi-20-full-aut-ano-2019-2019-zkti/foto_17.webp\", \"vehicles/volkswagen-new-tiguan-sport-4x4-tsi-20-full-aut-ano-2019-2019-zkti/foto_19.webp\", \"vehicles/volkswagen-new-tiguan-sport-4x4-tsi-20-full-aut-ano-2019-2019-zkti/foto_2.webp\", \"vehicles/volkswagen-new-tiguan-sport-4x4-tsi-20-full-aut-ano-2019-2019-zkti/foto_20.webp\", \"vehicles/volkswagen-new-tiguan-sport-4x4-tsi-20-full-aut-ano-2019-2019-zkti/foto_25.webp\", \"vehicles/volkswagen-new-tiguan-sport-4x4-tsi-20-full-aut-ano-2019-2019-zkti/foto_26.webp\", \"vehicles/volkswagen-new-tiguan-sport-4x4-tsi-20-full-aut-ano-2019-2019-zkti/foto_3.webp\", \"vehicles/volkswagen-new-tiguan-sport-4x4-tsi-20-full-aut-ano-2019-2019-zkti/foto_4.webp\", \"vehicles/volkswagen-new-tiguan-sport-4x4-tsi-20-full-aut-ano-2019-2019-zkti/foto_7.webp\", \"vehicles/volkswagen-new-tiguan-sport-4x4-tsi-20-full-aut-ano-2019-2019-zkti/foto_8.webp\", \"vehicles/volkswagen-new-tiguan-sport-4x4-tsi-20-full-aut-ano-2019-2019-zkti/foto_9.webp\"]',NULL,'2025-12-17 23:33:42','2026-01-16 14:24:28'),(16,1,4,2,'Motorrad R1250 Gs Adventure Ii',2021,38040,19990000,NULL,NULL,'Gasolina','Automática','4x2','CAFÉ METALIZADO MATE','',0,0,0,0,1,0,'bmw-motorrad-r1250-gs-adventure-ii-ano-2021-2021-ixtu','','[\"vehicles/bmw-motorrad-r1250-gs-adventure-ii-ano-2021-2021-ixtu/foto_10.webp\", \"vehicles/bmw-motorrad-r1250-gs-adventure-ii-ano-2021-2021-ixtu/foto_12.webp\", \"vehicles/bmw-motorrad-r1250-gs-adventure-ii-ano-2021-2021-ixtu/foto_16.webp\", \"vehicles/bmw-motorrad-r1250-gs-adventure-ii-ano-2021-2021-ixtu/foto_17.webp\", \"vehicles/bmw-motorrad-r1250-gs-adventure-ii-ano-2021-2021-ixtu/foto_3.webp\", \"vehicles/bmw-motorrad-r1250-gs-adventure-ii-ano-2021-2021-ixtu/foto_4.webp\", \"vehicles/bmw-motorrad-r1250-gs-adventure-ii-ano-2021-2021-ixtu/foto_9.webp\"]',NULL,'2025-12-17 23:33:42','2026-01-16 14:23:53'),(17,1,1,6,'320D',2023,40300,34590000,NULL,NULL,'Diesel','Automática','4x2','GRIS','2000',1,0,0,1,1,0,'bmw-320d-20-full-aut-ano-2023-2023-89kw','','[\"vehicles/bmw-320d-20-full-aut-ano-2023-2023-89kw/foto_1.webp\", \"vehicles/bmw-320d-20-full-aut-ano-2023-2023-89kw/foto_10.webp\", \"vehicles/bmw-320d-20-full-aut-ano-2023-2023-89kw/foto_12.webp\", \"vehicles/bmw-320d-20-full-aut-ano-2023-2023-89kw/foto_15.webp\", \"vehicles/bmw-320d-20-full-aut-ano-2023-2023-89kw/foto_17.webp\", \"vehicles/bmw-320d-20-full-aut-ano-2023-2023-89kw/foto_2.webp\", \"vehicles/bmw-320d-20-full-aut-ano-2023-2023-89kw/foto_22.webp\", \"vehicles/bmw-320d-20-full-aut-ano-2023-2023-89kw/foto_23.webp\", \"vehicles/bmw-320d-20-full-aut-ano-2023-2023-89kw/foto_24.webp\", \"vehicles/bmw-320d-20-full-aut-ano-2023-2023-89kw/foto_25.webp\", \"vehicles/bmw-320d-20-full-aut-ano-2023-2023-89kw/foto_4.webp\", \"vehicles/bmw-320d-20-full-aut-ano-2023-2023-89kw/foto_5.webp\", \"vehicles/bmw-320d-20-full-aut-ano-2023-2023-89kw/foto_6.webp\", \"vehicles/bmw-320d-20-full-aut-ano-2023-2023-89kw/foto_7.webp\", \"vehicles/bmw-320d-20-full-aut-ano-2023-2023-89kw/foto_9.webp\"]',NULL,'2025-12-17 23:33:42','2026-01-16 14:37:12'),(18,10,1,5,'Glc 250D',2020,63300,34900000,NULL,NULL,'Diesel','Automática','4x2','BLANCO','2100',1,0,0,1,1,0,'mercedes-benz-glc-250d-21-full-aut-ano-2020-2020-7ear','','[\"vehicles/mercedes-benz-glc-250d-21-full-aut-ano-2020-2020-7ear/foto_1.webp\", \"vehicles/mercedes-benz-glc-250d-21-full-aut-ano-2020-2020-7ear/foto_12.webp\", \"vehicles/mercedes-benz-glc-250d-21-full-aut-ano-2020-2020-7ear/foto_13.webp\", \"vehicles/mercedes-benz-glc-250d-21-full-aut-ano-2020-2020-7ear/foto_14.webp\", \"vehicles/mercedes-benz-glc-250d-21-full-aut-ano-2020-2020-7ear/foto_17.webp\", \"vehicles/mercedes-benz-glc-250d-21-full-aut-ano-2020-2020-7ear/foto_20.webp\", \"vehicles/mercedes-benz-glc-250d-21-full-aut-ano-2020-2020-7ear/foto_21.webp\", \"vehicles/mercedes-benz-glc-250d-21-full-aut-ano-2020-2020-7ear/foto_22.webp\", \"vehicles/mercedes-benz-glc-250d-21-full-aut-ano-2020-2020-7ear/foto_23.webp\", \"vehicles/mercedes-benz-glc-250d-21-full-aut-ano-2020-2020-7ear/foto_24.webp\", \"vehicles/mercedes-benz-glc-250d-21-full-aut-ano-2020-2020-7ear/foto_3.webp\", \"vehicles/mercedes-benz-glc-250d-21-full-aut-ano-2020-2020-7ear/foto_4.webp\", \"vehicles/mercedes-benz-glc-250d-21-full-aut-ano-2020-2020-7ear/foto_7.webp\", \"vehicles/mercedes-benz-glc-250d-21-full-aut-ano-2020-2020-7ear/foto_8.webp\"]',NULL,'2025-12-17 23:33:42','2026-01-16 14:37:47'),(21,4,2,6,'Voyage Highline',2022,56388,8690000,NULL,NULL,'Gasolina','Mecánica','4x2','BLANCO','1600',0,0,0,0,1,0,'volkswagen-voyage-highline-16-full-mec-ano-2022-2022-7moy','','[\"vehicles/volkswagen-voyage-highline-16-full-mec-ano-2022-2022-7moy/foto_1.webp\", \"vehicles/volkswagen-voyage-highline-16-full-mec-ano-2022-2022-7moy/foto_11.webp\", \"vehicles/volkswagen-voyage-highline-16-full-mec-ano-2022-2022-7moy/foto_12.webp\", \"vehicles/volkswagen-voyage-highline-16-full-mec-ano-2022-2022-7moy/foto_15.webp\", \"vehicles/volkswagen-voyage-highline-16-full-mec-ano-2022-2022-7moy/foto_17.webp\", \"vehicles/volkswagen-voyage-highline-16-full-mec-ano-2022-2022-7moy/foto_20.webp\", \"vehicles/volkswagen-voyage-highline-16-full-mec-ano-2022-2022-7moy/foto_21.webp\", \"vehicles/volkswagen-voyage-highline-16-full-mec-ano-2022-2022-7moy/foto_22.webp\", \"vehicles/volkswagen-voyage-highline-16-full-mec-ano-2022-2022-7moy/foto_24.webp\", \"vehicles/volkswagen-voyage-highline-16-full-mec-ano-2022-2022-7moy/foto_3.webp\", \"vehicles/volkswagen-voyage-highline-16-full-mec-ano-2022-2022-7moy/foto_4.webp\", \"vehicles/volkswagen-voyage-highline-16-full-mec-ano-2022-2022-7moy/foto_5.webp\", \"vehicles/volkswagen-voyage-highline-16-full-mec-ano-2022-2022-7moy/foto_6.webp\", \"vehicles/volkswagen-voyage-highline-16-full-mec-ano-2022-2022-7moy/foto_8.webp\", \"vehicles/volkswagen-voyage-highline-16-full-mec-ano-2022-2022-7moy/foto_9.webp\"]',NULL,'2025-12-17 23:33:42','2026-01-16 14:24:28'),(22,1,4,2,'Motorrad F750 Gs',2019,19380,8490000,NULL,NULL,'Gasolina','Automática','4x2','BLANCO CLARO','',0,0,0,0,1,0,'bmw-motorrad-f750-gs-ano-2019-2019-a97e','','[\"vehicles/bmw-motorrad-f750-gs-ano-2019-2019-a97e/foto_12.webp\", \"vehicles/bmw-motorrad-f750-gs-ano-2019-2019-a97e/foto_16.webp\", \"vehicles/bmw-motorrad-f750-gs-ano-2019-2019-a97e/foto_17.webp\", \"vehicles/bmw-motorrad-f750-gs-ano-2019-2019-a97e/foto_4.webp\", \"vehicles/bmw-motorrad-f750-gs-ano-2019-2019-a97e/foto_5.webp\", \"vehicles/bmw-motorrad-f750-gs-ano-2019-2019-a97e/foto_6.webp\", \"vehicles/bmw-motorrad-f750-gs-ano-2019-2019-a97e/foto_7.webp\"]',NULL,'2025-12-17 23:33:42','2026-01-16 14:23:54'),(23,1,NULL,5,'X4 Xdrive 20D',2023,44100,51990000,NULL,NULL,'Diesel','Automática','4x2','GRIS','2000',1,0,0,0,1,0,'bmw-x4-xdrive-20d-20-full-aut-ano-2023-2023-hgcs','PRECIO SEÑALADO INCLUYE BONO DE FINANCIAMIENTO\n\nPIE DE $ 10.400.000 CREDITO HASTA 48 CUOTAS\n\n[contact-form-7 id=\"485\" title=\"Cotizar\"]','[\"vehicles/bmw-x4-xdrive-20d-20-full-aut-ano-2023-2023-hgcs/foto_1.webp\", \"vehicles/bmw-x4-xdrive-20d-20-full-aut-ano-2023-2023-hgcs/foto_11.webp\", \"vehicles/bmw-x4-xdrive-20d-20-full-aut-ano-2023-2023-hgcs/foto_14.webp\", \"vehicles/bmw-x4-xdrive-20d-20-full-aut-ano-2023-2023-hgcs/foto_15.webp\", \"vehicles/bmw-x4-xdrive-20d-20-full-aut-ano-2023-2023-hgcs/foto_16.webp\", \"vehicles/bmw-x4-xdrive-20d-20-full-aut-ano-2023-2023-hgcs/foto_19.webp\", \"vehicles/bmw-x4-xdrive-20d-20-full-aut-ano-2023-2023-hgcs/foto_2.webp\", \"vehicles/bmw-x4-xdrive-20d-20-full-aut-ano-2023-2023-hgcs/foto_21.webp\", \"vehicles/bmw-x4-xdrive-20d-20-full-aut-ano-2023-2023-hgcs/foto_22.webp\", \"vehicles/bmw-x4-xdrive-20d-20-full-aut-ano-2023-2023-hgcs/foto_24.webp\", \"vehicles/bmw-x4-xdrive-20d-20-full-aut-ano-2023-2023-hgcs/foto_3.webp\", \"vehicles/bmw-x4-xdrive-20d-20-full-aut-ano-2023-2023-hgcs/foto_5.webp\", \"vehicles/bmw-x4-xdrive-20d-20-full-aut-ano-2023-2023-hgcs/foto_6.webp\", \"vehicles/bmw-x4-xdrive-20d-20-full-aut-ano-2023-2023-hgcs/foto_7.webp\"]',NULL,'2025-12-17 23:33:42','2026-01-10 14:57:46'),(24,11,2,1,'Citroen C4 Hdi',2014,95400,7990000,NULL,NULL,'Diesel','Mecánica','4x2','ROJO','1600',0,0,0,0,1,0,'citroen-citroen-c4-hdi-16-full-mec-ano-2014-2014-kjg5','','[\"vehicles/citroen-citroen-c4-hdi-16-full-mec-ano-2014-2014-kjg5/foto_1.webp\", \"vehicles/citroen-citroen-c4-hdi-16-full-mec-ano-2014-2014-kjg5/foto_10.webp\", \"vehicles/citroen-citroen-c4-hdi-16-full-mec-ano-2014-2014-kjg5/foto_12.webp\", \"vehicles/citroen-citroen-c4-hdi-16-full-mec-ano-2014-2014-kjg5/foto_13.webp\", \"vehicles/citroen-citroen-c4-hdi-16-full-mec-ano-2014-2014-kjg5/foto_16.webp\", \"vehicles/citroen-citroen-c4-hdi-16-full-mec-ano-2014-2014-kjg5/foto_19.webp\", \"vehicles/citroen-citroen-c4-hdi-16-full-mec-ano-2014-2014-kjg5/foto_2.webp\", \"vehicles/citroen-citroen-c4-hdi-16-full-mec-ano-2014-2014-kjg5/foto_21.webp\", \"vehicles/citroen-citroen-c4-hdi-16-full-mec-ano-2014-2014-kjg5/foto_25.webp\", \"vehicles/citroen-citroen-c4-hdi-16-full-mec-ano-2014-2014-kjg5/foto_26.webp\", \"vehicles/citroen-citroen-c4-hdi-16-full-mec-ano-2014-2014-kjg5/foto_3.webp\", \"vehicles/citroen-citroen-c4-hdi-16-full-mec-ano-2014-2014-kjg5/foto_4.webp\", \"vehicles/citroen-citroen-c4-hdi-16-full-mec-ano-2014-2014-kjg5/foto_5.webp\", \"vehicles/citroen-citroen-c4-hdi-16-full-mec-ano-2014-2014-kjg5/foto_6.webp\", \"vehicles/citroen-citroen-c4-hdi-16-full-mec-ano-2014-2014-kjg5/foto_8.webp\", \"vehicles/citroen-citroen-c4-hdi-16-full-mec-ano-2014-2014-kjg5/foto_9.webp\"]',NULL,'2025-12-17 23:33:42','2026-01-16 14:23:59'),(25,6,2,6,'6 Deluxe',2023,70,12800000,NULL,NULL,'Gasolina','Automática','4x2','GRIS','1500',1,0,0,0,1,0,'mg-6-deluxe-turbo-15-full-aut-ano-2023-2023-vmr5','','[\"vehicles/mg-6-deluxe-turbo-15-full-aut-ano-2023-2023-vmr5/foto_1.webp\", \"vehicles/mg-6-deluxe-turbo-15-full-aut-ano-2023-2023-vmr5/foto_10.webp\", \"vehicles/mg-6-deluxe-turbo-15-full-aut-ano-2023-2023-vmr5/foto_11.webp\", \"vehicles/mg-6-deluxe-turbo-15-full-aut-ano-2023-2023-vmr5/foto_16.webp\", \"vehicles/mg-6-deluxe-turbo-15-full-aut-ano-2023-2023-vmr5/foto_18.webp\", \"vehicles/mg-6-deluxe-turbo-15-full-aut-ano-2023-2023-vmr5/foto_19.webp\", \"vehicles/mg-6-deluxe-turbo-15-full-aut-ano-2023-2023-vmr5/foto_2.webp\", \"vehicles/mg-6-deluxe-turbo-15-full-aut-ano-2023-2023-vmr5/foto_20.webp\", \"vehicles/mg-6-deluxe-turbo-15-full-aut-ano-2023-2023-vmr5/foto_25.webp\", \"vehicles/mg-6-deluxe-turbo-15-full-aut-ano-2023-2023-vmr5/foto_26.webp\", \"vehicles/mg-6-deluxe-turbo-15-full-aut-ano-2023-2023-vmr5/foto_3.webp\", \"vehicles/mg-6-deluxe-turbo-15-full-aut-ano-2023-2023-vmr5/foto_4.webp\", \"vehicles/mg-6-deluxe-turbo-15-full-aut-ano-2023-2023-vmr5/foto_6.webp\", \"vehicles/mg-6-deluxe-turbo-15-full-aut-ano-2023-2023-vmr5/foto_7.webp\", \"vehicles/mg-6-deluxe-turbo-15-full-aut-ano-2023-2023-vmr5/foto_8.webp\", \"vehicles/mg-6-deluxe-turbo-15-full-aut-ano-2023-2023-vmr5/foto_9.webp\"]',NULL,'2025-12-17 23:33:42','2026-01-16 14:24:12'),(26,6,2,5,'Hs Comfort',2023,82,13490000,NULL,NULL,'Gasolina','Mecánica','4x2','AZUL','1500',1,0,0,0,1,0,'mg-hs-comfort-turbo-15-full-mec-ano-2023-2023-en9c','','[\"vehicles/mg-hs-comfort-turbo-15-full-mec-ano-2023-2023-en9c/foto_1.webp\", \"vehicles/mg-hs-comfort-turbo-15-full-mec-ano-2023-2023-en9c/foto_12.webp\", \"vehicles/mg-hs-comfort-turbo-15-full-mec-ano-2023-2023-en9c/foto_13.webp\", \"vehicles/mg-hs-comfort-turbo-15-full-mec-ano-2023-2023-en9c/foto_15.webp\", \"vehicles/mg-hs-comfort-turbo-15-full-mec-ano-2023-2023-en9c/foto_2.webp\", \"vehicles/mg-hs-comfort-turbo-15-full-mec-ano-2023-2023-en9c/foto_20.webp\", \"vehicles/mg-hs-comfort-turbo-15-full-mec-ano-2023-2023-en9c/foto_21.webp\", \"vehicles/mg-hs-comfort-turbo-15-full-mec-ano-2023-2023-en9c/foto_22.webp\", \"vehicles/mg-hs-comfort-turbo-15-full-mec-ano-2023-2023-en9c/foto_23.webp\", \"vehicles/mg-hs-comfort-turbo-15-full-mec-ano-2023-2023-en9c/foto_24.webp\", \"vehicles/mg-hs-comfort-turbo-15-full-mec-ano-2023-2023-en9c/foto_25.webp\", \"vehicles/mg-hs-comfort-turbo-15-full-mec-ano-2023-2023-en9c/foto_26.webp\", \"vehicles/mg-hs-comfort-turbo-15-full-mec-ano-2023-2023-en9c/foto_4.webp\", \"vehicles/mg-hs-comfort-turbo-15-full-mec-ano-2023-2023-en9c/foto_5.webp\", \"vehicles/mg-hs-comfort-turbo-15-full-mec-ano-2023-2023-en9c/foto_6.webp\", \"vehicles/mg-hs-comfort-turbo-15-full-mec-ano-2023-2023-en9c/foto_9.webp\"]',NULL,'2025-12-17 23:33:42','2026-01-16 14:24:13'),(27,6,2,6,'Gt Deluxe',2024,10200,14590000,NULL,NULL,'Gasolina','Automática','4x2','BLANCO','1500',1,0,0,0,1,0,'mg-gt-dct-deluxe-turbo-15-full-aut-ano-2024-2024-izfk','','[\"vehicles/mg-gt-dct-deluxe-turbo-15-full-aut-ano-2024-2024-izfk/foto_1.webp\", \"vehicles/mg-gt-dct-deluxe-turbo-15-full-aut-ano-2024-2024-izfk/foto_11.webp\", \"vehicles/mg-gt-dct-deluxe-turbo-15-full-aut-ano-2024-2024-izfk/foto_12.webp\", \"vehicles/mg-gt-dct-deluxe-turbo-15-full-aut-ano-2024-2024-izfk/foto_14.webp\", \"vehicles/mg-gt-dct-deluxe-turbo-15-full-aut-ano-2024-2024-izfk/foto_15.webp\", \"vehicles/mg-gt-dct-deluxe-turbo-15-full-aut-ano-2024-2024-izfk/foto_2.webp\", \"vehicles/mg-gt-dct-deluxe-turbo-15-full-aut-ano-2024-2024-izfk/foto_20.webp\", \"vehicles/mg-gt-dct-deluxe-turbo-15-full-aut-ano-2024-2024-izfk/foto_22.webp\", \"vehicles/mg-gt-dct-deluxe-turbo-15-full-aut-ano-2024-2024-izfk/foto_24.webp\", \"vehicles/mg-gt-dct-deluxe-turbo-15-full-aut-ano-2024-2024-izfk/foto_25.webp\", \"vehicles/mg-gt-dct-deluxe-turbo-15-full-aut-ano-2024-2024-izfk/foto_4.webp\", \"vehicles/mg-gt-dct-deluxe-turbo-15-full-aut-ano-2024-2024-izfk/foto_5.webp\", \"vehicles/mg-gt-dct-deluxe-turbo-15-full-aut-ano-2024-2024-izfk/foto_7.webp\", \"vehicles/mg-gt-dct-deluxe-turbo-15-full-aut-ano-2024-2024-izfk/foto_8.webp\", \"vehicles/mg-gt-dct-deluxe-turbo-15-full-aut-ano-2024-2024-izfk/foto_9.webp\"]',NULL,'2025-12-17 23:33:42','2026-01-16 14:24:14'),(28,8,2,7,'T60 Tdi',2023,61100,13990000,NULL,NULL,'Diesel','Mecánica','4x2','ROJO','2800',0,0,0,0,1,0,'maxus-t60-4x4-tdi-28-full-mec-ano-2023-2023-lg9a','','[\"vehicles/maxus-t60-4x4-tdi-28-full-mec-ano-2023-2023-lg9a/foto_19.webp\", \"vehicles/maxus-t60-4x4-tdi-28-full-mec-ano-2023-2023-lg9a/foto_13.webp\", \"vehicles/maxus-t60-4x4-tdi-28-full-mec-ano-2023-2023-lg9a/foto_1.webp\", \"vehicles/maxus-t60-4x4-tdi-28-full-mec-ano-2023-2023-lg9a/foto_15.webp\", \"vehicles/maxus-t60-4x4-tdi-28-full-mec-ano-2023-2023-lg9a/foto_16.webp\", \"vehicles/maxus-t60-4x4-tdi-28-full-mec-ano-2023-2023-lg9a/foto_17.webp\", \"vehicles/maxus-t60-4x4-tdi-28-full-mec-ano-2023-2023-lg9a/foto_2.webp\", \"vehicles/maxus-t60-4x4-tdi-28-full-mec-ano-2023-2023-lg9a/foto_22.webp\", \"vehicles/maxus-t60-4x4-tdi-28-full-mec-ano-2023-2023-lg9a/foto_24.webp\", \"vehicles/maxus-t60-4x4-tdi-28-full-mec-ano-2023-2023-lg9a/foto_25.webp\", \"vehicles/maxus-t60-4x4-tdi-28-full-mec-ano-2023-2023-lg9a/foto_4.webp\", \"vehicles/maxus-t60-4x4-tdi-28-full-mec-ano-2023-2023-lg9a/foto_5.webp\", \"vehicles/maxus-t60-4x4-tdi-28-full-mec-ano-2023-2023-lg9a/foto_6.webp\", \"vehicles/maxus-t60-4x4-tdi-28-full-mec-ano-2023-2023-lg9a/foto_7.webp\", \"vehicles/maxus-t60-4x4-tdi-28-full-mec-ano-2023-2023-lg9a/foto_9.webp\"]',NULL,'2025-12-17 23:33:42','2026-01-16 14:24:08'),(29,12,2,6,'Corolla Sd Hybrido',2025,490,23990000,NULL,NULL,'Híbrido','Automático','4x2','PLATA','1800',1,0,0,0,1,0,'toyota-corolla-sd-hybrido-18-full-aut-ano-2025-2025-kyxa','','[\"vehicles/toyota-corolla-sd-hybrido-18-full-aut-ano-2025-2025-kyxa/foto_1.webp\", \"vehicles/toyota-corolla-sd-hybrido-18-full-aut-ano-2025-2025-kyxa/foto_11.webp\", \"vehicles/toyota-corolla-sd-hybrido-18-full-aut-ano-2025-2025-kyxa/foto_12.webp\", \"vehicles/toyota-corolla-sd-hybrido-18-full-aut-ano-2025-2025-kyxa/foto_13.webp\", \"vehicles/toyota-corolla-sd-hybrido-18-full-aut-ano-2025-2025-kyxa/foto_14.webp\", \"vehicles/toyota-corolla-sd-hybrido-18-full-aut-ano-2025-2025-kyxa/foto_15.webp\", \"vehicles/toyota-corolla-sd-hybrido-18-full-aut-ano-2025-2025-kyxa/foto_16.webp\", \"vehicles/toyota-corolla-sd-hybrido-18-full-aut-ano-2025-2025-kyxa/foto_2.webp\", \"vehicles/toyota-corolla-sd-hybrido-18-full-aut-ano-2025-2025-kyxa/foto_23.webp\", \"vehicles/toyota-corolla-sd-hybrido-18-full-aut-ano-2025-2025-kyxa/foto_26.webp\", \"vehicles/toyota-corolla-sd-hybrido-18-full-aut-ano-2025-2025-kyxa/foto_4.webp\", \"vehicles/toyota-corolla-sd-hybrido-18-full-aut-ano-2025-2025-kyxa/foto_5.webp\", \"vehicles/toyota-corolla-sd-hybrido-18-full-aut-ano-2025-2025-kyxa/foto_6.webp\", \"vehicles/toyota-corolla-sd-hybrido-18-full-aut-ano-2025-2025-kyxa/foto_7.webp\", \"vehicles/toyota-corolla-sd-hybrido-18-full-aut-ano-2025-2025-kyxa/foto_8.webp\", \"vehicles/toyota-corolla-sd-hybrido-18-full-aut-ano-2025-2025-kyxa/foto_9.webp\"]',NULL,'2025-12-17 23:33:42','2026-01-16 14:24:22'),(30,12,2,6,'Yaris E',2024,33500,13890000,NULL,NULL,'Gasolina','Mecánica','4x2','BLANCO','1500',0,0,0,0,1,0,'toyota-yaris-e-15-full-mec-ano-2024-2024-t4bo','','[\"vehicles/toyota-yaris-e-15-full-mec-ano-2024-2024-t4bo/foto_12.webp\", \"vehicles/toyota-yaris-e-15-full-mec-ano-2024-2024-t4bo/foto_13.webp\", \"vehicles/toyota-yaris-e-15-full-mec-ano-2024-2024-t4bo/foto_14.webp\", \"vehicles/toyota-yaris-e-15-full-mec-ano-2024-2024-t4bo/foto_19.webp\", \"vehicles/toyota-yaris-e-15-full-mec-ano-2024-2024-t4bo/foto_2.webp\", \"vehicles/toyota-yaris-e-15-full-mec-ano-2024-2024-t4bo/foto_20.webp\", \"vehicles/toyota-yaris-e-15-full-mec-ano-2024-2024-t4bo/foto_21.webp\", \"vehicles/toyota-yaris-e-15-full-mec-ano-2024-2024-t4bo/foto_22.webp\", \"vehicles/toyota-yaris-e-15-full-mec-ano-2024-2024-t4bo/foto_23.webp\", \"vehicles/toyota-yaris-e-15-full-mec-ano-2024-2024-t4bo/foto_24.webp\", \"vehicles/toyota-yaris-e-15-full-mec-ano-2024-2024-t4bo/foto_3.webp\", \"vehicles/toyota-yaris-e-15-full-mec-ano-2024-2024-t4bo/foto_5.webp\", \"vehicles/toyota-yaris-e-15-full-mec-ano-2024-2024-t4bo/foto_6.webp\", \"vehicles/toyota-yaris-e-15-full-mec-ano-2024-2024-t4bo/foto_7.webp\"]',NULL,'2025-12-17 23:33:42','2026-01-16 14:24:23'),(31,13,2,5,'Grand Cherokee Laredo',2021,53000,23990000,NULL,NULL,'Gasolina','Automática','4x2','GRIS','3600',0,0,0,0,1,0,'jeep-grand-cherokee-laredo-4x2-36-full-aut-ano-2021-2021-oa9o','','[\"vehicles/jeep-grand-cherokee-laredo-4x2-36-full-aut-ano-2021-2021-oa9o/foto_1.webp\", \"vehicles/jeep-grand-cherokee-laredo-4x2-36-full-aut-ano-2021-2021-oa9o/foto_10.webp\", \"vehicles/jeep-grand-cherokee-laredo-4x2-36-full-aut-ano-2021-2021-oa9o/foto_12.webp\", \"vehicles/jeep-grand-cherokee-laredo-4x2-36-full-aut-ano-2021-2021-oa9o/foto_14.webp\", \"vehicles/jeep-grand-cherokee-laredo-4x2-36-full-aut-ano-2021-2021-oa9o/foto_16.webp\", \"vehicles/jeep-grand-cherokee-laredo-4x2-36-full-aut-ano-2021-2021-oa9o/foto_17.webp\", \"vehicles/jeep-grand-cherokee-laredo-4x2-36-full-aut-ano-2021-2021-oa9o/foto_19.webp\", \"vehicles/jeep-grand-cherokee-laredo-4x2-36-full-aut-ano-2021-2021-oa9o/foto_21.webp\", \"vehicles/jeep-grand-cherokee-laredo-4x2-36-full-aut-ano-2021-2021-oa9o/foto_23.webp\", \"vehicles/jeep-grand-cherokee-laredo-4x2-36-full-aut-ano-2021-2021-oa9o/foto_3.webp\", \"vehicles/jeep-grand-cherokee-laredo-4x2-36-full-aut-ano-2021-2021-oa9o/foto_4.webp\", \"vehicles/jeep-grand-cherokee-laredo-4x2-36-full-aut-ano-2021-2021-oa9o/foto_5.webp\", \"vehicles/jeep-grand-cherokee-laredo-4x2-36-full-aut-ano-2021-2021-oa9o/foto_6.webp\", \"vehicles/jeep-grand-cherokee-laredo-4x2-36-full-aut-ano-2021-2021-oa9o/foto_8.webp\"]',NULL,'2025-12-17 23:33:42','2026-01-16 14:24:06'),(32,3,1,5,'Q7',2020,83600,34980000,NULL,NULL,'Gasolina','Automática','4x2','BLANCO','2000',1,0,0,1,1,0,'audi-q7-4x4-20-full-aut-ano-2020-2020-fgom','','[\"vehicles/audi-q7-4x4-20-full-aut-ano-2020-2020-fgom/foto_1.webp\", \"vehicles/audi-q7-4x4-20-full-aut-ano-2020-2020-fgom/foto_11.webp\", \"vehicles/audi-q7-4x4-20-full-aut-ano-2020-2020-fgom/foto_12.webp\", \"vehicles/audi-q7-4x4-20-full-aut-ano-2020-2020-fgom/foto_17.webp\", \"vehicles/audi-q7-4x4-20-full-aut-ano-2020-2020-fgom/foto_18.webp\", \"vehicles/audi-q7-4x4-20-full-aut-ano-2020-2020-fgom/foto_19.webp\", \"vehicles/audi-q7-4x4-20-full-aut-ano-2020-2020-fgom/foto_2.webp\", \"vehicles/audi-q7-4x4-20-full-aut-ano-2020-2020-fgom/foto_4.webp\", \"vehicles/audi-q7-4x4-20-full-aut-ano-2020-2020-fgom/foto_6.webp\"]',NULL,'2025-12-17 23:33:42','2026-01-16 14:37:05'),(33,14,2,1,'Swift Glx',2021,57800,10290000,NULL,NULL,'Gasolina','Automática','4x2','GRIS','1200',1,0,0,0,1,0,'suzuki-swift-glx-cvt-12-full-aut-ano-2021-2021-ihgp','','[\"vehicles/suzuki-swift-glx-cvt-12-full-aut-ano-2021-2021-ihgp/foto_1.webp\", \"vehicles/suzuki-swift-glx-cvt-12-full-aut-ano-2021-2021-ihgp/foto_11.webp\", \"vehicles/suzuki-swift-glx-cvt-12-full-aut-ano-2021-2021-ihgp/foto_12.webp\", \"vehicles/suzuki-swift-glx-cvt-12-full-aut-ano-2021-2021-ihgp/foto_13.webp\", \"vehicles/suzuki-swift-glx-cvt-12-full-aut-ano-2021-2021-ihgp/foto_14.webp\", \"vehicles/suzuki-swift-glx-cvt-12-full-aut-ano-2021-2021-ihgp/foto_16.webp\", \"vehicles/suzuki-swift-glx-cvt-12-full-aut-ano-2021-2021-ihgp/foto_2.webp\", \"vehicles/suzuki-swift-glx-cvt-12-full-aut-ano-2021-2021-ihgp/foto_20.webp\", \"vehicles/suzuki-swift-glx-cvt-12-full-aut-ano-2021-2021-ihgp/foto_24.webp\", \"vehicles/suzuki-swift-glx-cvt-12-full-aut-ano-2021-2021-ihgp/foto_26.webp\", \"vehicles/suzuki-swift-glx-cvt-12-full-aut-ano-2021-2021-ihgp/foto_4.webp\", \"vehicles/suzuki-swift-glx-cvt-12-full-aut-ano-2021-2021-ihgp/foto_5.webp\", \"vehicles/suzuki-swift-glx-cvt-12-full-aut-ano-2021-2021-ihgp/foto_6.webp\", \"vehicles/suzuki-swift-glx-cvt-12-full-aut-ano-2021-2021-ihgp/foto_7.webp\", \"vehicles/suzuki-swift-glx-cvt-12-full-aut-ano-2021-2021-ihgp/foto_8.webp\", \"vehicles/suzuki-swift-glx-cvt-12-full-aut-ano-2021-2021-ihgp/foto_9.webp\"]',NULL,'2025-12-17 23:33:42','2026-01-16 14:24:20'),(34,15,2,6,'S60 T4',2015,95000,11290000,NULL,NULL,'Gasolina','Automática','4x2','PLATA','1600',0,0,0,1,1,0,'volvo-s60-t4-16-full-aut-ano-2015-2015-khsi','','[\"vehicles/volvo-s60-t4-16-full-aut-ano-2015-2015-khsi/foto_1.webp\", \"vehicles/volvo-s60-t4-16-full-aut-ano-2015-2015-khsi/foto_11.webp\", \"vehicles/volvo-s60-t4-16-full-aut-ano-2015-2015-khsi/foto_14.webp\", \"vehicles/volvo-s60-t4-16-full-aut-ano-2015-2015-khsi/foto_16.webp\", \"vehicles/volvo-s60-t4-16-full-aut-ano-2015-2015-khsi/foto_19.webp\", \"vehicles/volvo-s60-t4-16-full-aut-ano-2015-2015-khsi/foto_2.webp\", \"vehicles/volvo-s60-t4-16-full-aut-ano-2015-2015-khsi/foto_20.webp\", \"vehicles/volvo-s60-t4-16-full-aut-ano-2015-2015-khsi/foto_23.webp\", \"vehicles/volvo-s60-t4-16-full-aut-ano-2015-2015-khsi/foto_24.webp\", \"vehicles/volvo-s60-t4-16-full-aut-ano-2015-2015-khsi/foto_4.webp\", \"vehicles/volvo-s60-t4-16-full-aut-ano-2015-2015-khsi/foto_5.webp\", \"vehicles/volvo-s60-t4-16-full-aut-ano-2015-2015-khsi/foto_6.webp\", \"vehicles/volvo-s60-t4-16-full-aut-ano-2015-2015-khsi/foto_7.webp\", \"vehicles/volvo-s60-t4-16-full-aut-ano-2015-2015-khsi/foto_8.webp\"]',NULL,'2025-12-17 23:33:42','2026-01-16 14:24:34'),(36,1,1,1,'118I',2019,90400,16990000,NULL,NULL,'Gasolina','Automática','4x2','AZUL','1500',0,0,0,1,1,0,'bmw-118i-15-full-aut-ano-2019-2019-kxdp','','[\"vehicles/bmw-118i-15-full-aut-ano-2019-2019-kxdp/foto_1.webp\", \"vehicles/bmw-118i-15-full-aut-ano-2019-2019-kxdp/foto_11.webp\", \"vehicles/bmw-118i-15-full-aut-ano-2019-2019-kxdp/foto_17.webp\", \"vehicles/bmw-118i-15-full-aut-ano-2019-2019-kxdp/foto_18.webp\", \"vehicles/bmw-118i-15-full-aut-ano-2019-2019-kxdp/foto_2.webp\", \"vehicles/bmw-118i-15-full-aut-ano-2019-2019-kxdp/foto_21.webp\", \"vehicles/bmw-118i-15-full-aut-ano-2019-2019-kxdp/foto_4.webp\", \"vehicles/bmw-118i-15-full-aut-ano-2019-2019-kxdp/foto_5.webp\", \"vehicles/bmw-118i-15-full-aut-ano-2019-2019-kxdp/foto_6.webp\", \"vehicles/bmw-118i-15-full-aut-ano-2019-2019-kxdp/foto_7.webp\", \"vehicles/bmw-118i-15-full-aut-ano-2019-2019-kxdp/foto_9.webp\"]',NULL,'2025-12-17 23:33:42','2026-01-16 14:37:14'),(37,4,2,6,'New Virtus Comfortline Msi',2018,147796,8290000,NULL,NULL,'Gasolina','Mecánica','4x2','BLANCO','1600',0,0,0,0,1,0,'volkswagen-new-virtus-comfortline-msi-16-full-mec-ano-2018-2018-ctm9','','[\"vehicles/volkswagen-new-virtus-comfortline-msi-16-full-mec-ano-2018-2018-ctm9/foto_1.webp\", \"vehicles/volkswagen-new-virtus-comfortline-msi-16-full-mec-ano-2018-2018-ctm9/foto_11.webp\", \"vehicles/volkswagen-new-virtus-comfortline-msi-16-full-mec-ano-2018-2018-ctm9/foto_12.webp\", \"vehicles/volkswagen-new-virtus-comfortline-msi-16-full-mec-ano-2018-2018-ctm9/foto_15.webp\", \"vehicles/volkswagen-new-virtus-comfortline-msi-16-full-mec-ano-2018-2018-ctm9/foto_2.webp\", \"vehicles/volkswagen-new-virtus-comfortline-msi-16-full-mec-ano-2018-2018-ctm9/foto_22.webp\", \"vehicles/volkswagen-new-virtus-comfortline-msi-16-full-mec-ano-2018-2018-ctm9/foto_23.webp\", \"vehicles/volkswagen-new-virtus-comfortline-msi-16-full-mec-ano-2018-2018-ctm9/foto_3.webp\", \"vehicles/volkswagen-new-virtus-comfortline-msi-16-full-mec-ano-2018-2018-ctm9/foto_4.webp\", \"vehicles/volkswagen-new-virtus-comfortline-msi-16-full-mec-ano-2018-2018-ctm9/foto_5.webp\", \"vehicles/volkswagen-new-virtus-comfortline-msi-16-full-mec-ano-2018-2018-ctm9/foto_7.webp\", \"vehicles/volkswagen-new-virtus-comfortline-msi-16-full-mec-ano-2018-2018-ctm9/foto_8.webp\", \"vehicles/volkswagen-new-virtus-comfortline-msi-16-full-mec-ano-2018-2018-ctm9/foto_9.webp\"]',NULL,'2025-12-17 23:33:42','2026-01-16 14:24:29'),(38,8,2,3,'C35 Tdi Semi Con Iva',2023,13300,18990000,NULL,NULL,'Diesel','Mecánica','4x2','BLANCO','2000',0,0,0,0,1,0,'maxus-c35-tdi-20-semi-full-mec-ano-2023-con-iva-2023-lmuu','','[\"vehicles/maxus-c35-tdi-20-semi-full-mec-ano-2023-con-iva-2023-lmuu/foto_11.webp\", \"vehicles/maxus-c35-tdi-20-semi-full-mec-ano-2023-con-iva-2023-lmuu/foto_1.webp\", \"vehicles/maxus-c35-tdi-20-semi-full-mec-ano-2023-con-iva-2023-lmuu/foto_16.webp\", \"vehicles/maxus-c35-tdi-20-semi-full-mec-ano-2023-con-iva-2023-lmuu/foto_18.webp\", \"vehicles/maxus-c35-tdi-20-semi-full-mec-ano-2023-con-iva-2023-lmuu/foto_2.webp\", \"vehicles/maxus-c35-tdi-20-semi-full-mec-ano-2023-con-iva-2023-lmuu/foto_22.webp\", \"vehicles/maxus-c35-tdi-20-semi-full-mec-ano-2023-con-iva-2023-lmuu/foto_4.webp\", \"vehicles/maxus-c35-tdi-20-semi-full-mec-ano-2023-con-iva-2023-lmuu/foto_5.webp\", \"vehicles/maxus-c35-tdi-20-semi-full-mec-ano-2023-con-iva-2023-lmuu/foto_6.webp\", \"vehicles/maxus-c35-tdi-20-semi-full-mec-ano-2023-con-iva-2023-lmuu/foto_7.webp\", \"vehicles/maxus-c35-tdi-20-semi-full-mec-ano-2023-con-iva-2023-lmuu/foto_8.webp\", \"vehicles/maxus-c35-tdi-20-semi-full-mec-ano-2023-con-iva-2023-lmuu/foto_9.webp\"]',NULL,'2025-12-17 23:33:42','2026-01-16 14:24:09'),(39,4,2,3,'9150E Tdi Semi',2011,256000,15690000,NULL,NULL,'Diesel','Mecánica','4x2','BLANCO','4300',0,0,0,0,1,0,'volkswagen-9150e-tdi-43-semi-full-mec-ano-2011-2011-txkc','','[\"vehicles/volkswagen-9150e-tdi-43-semi-full-mec-ano-2011-2011-txkc/foto_5.webp\", \"vehicles/volkswagen-9150e-tdi-43-semi-full-mec-ano-2011-2011-txkc/foto_1.webp\", \"vehicles/volkswagen-9150e-tdi-43-semi-full-mec-ano-2011-2011-txkc/foto_12.webp\", \"vehicles/volkswagen-9150e-tdi-43-semi-full-mec-ano-2011-2011-txkc/foto_14.webp\", \"vehicles/volkswagen-9150e-tdi-43-semi-full-mec-ano-2011-2011-txkc/foto_15.webp\", \"vehicles/volkswagen-9150e-tdi-43-semi-full-mec-ano-2011-2011-txkc/foto_18.webp\", \"vehicles/volkswagen-9150e-tdi-43-semi-full-mec-ano-2011-2011-txkc/foto_2.webp\", \"vehicles/volkswagen-9150e-tdi-43-semi-full-mec-ano-2011-2011-txkc/foto_21.webp\", \"vehicles/volkswagen-9150e-tdi-43-semi-full-mec-ano-2011-2011-txkc/foto_4.webp\", \"vehicles/volkswagen-9150e-tdi-43-semi-full-mec-ano-2011-2011-txkc/foto_7.webp\", \"vehicles/volkswagen-9150e-tdi-43-semi-full-mec-ano-2011-2011-txkc/foto_9.webp\"]',NULL,'2025-12-17 23:33:42','2026-01-16 14:24:29'),(40,17,2,7,'Tm3 Dc Semi',2022,96400,7290000,NULL,NULL,'Gasolina','Mecánica','4x2','BLANCO','1500',0,0,0,0,1,0,'foton-tm3-dc-15-semi-full-mec-ano-2022-2022-akrb','','[\"vehicles/foton-tm3-dc-15-semi-full-mec-ano-2022-2022-akrb/foto_4.webp\", \"vehicles/foton-tm3-dc-15-semi-full-mec-ano-2022-2022-akrb/foto_1.webp\", \"vehicles/foton-tm3-dc-15-semi-full-mec-ano-2022-2022-akrb/foto_11.webp\", \"vehicles/foton-tm3-dc-15-semi-full-mec-ano-2022-2022-akrb/foto_13.webp\", \"vehicles/foton-tm3-dc-15-semi-full-mec-ano-2022-2022-akrb/foto_15.webp\", \"vehicles/foton-tm3-dc-15-semi-full-mec-ano-2022-2022-akrb/foto_16.webp\", \"vehicles/foton-tm3-dc-15-semi-full-mec-ano-2022-2022-akrb/foto_17.webp\", \"vehicles/foton-tm3-dc-15-semi-full-mec-ano-2022-2022-akrb/foto_19.webp\", \"vehicles/foton-tm3-dc-15-semi-full-mec-ano-2022-2022-akrb/foto_21.webp\", \"vehicles/foton-tm3-dc-15-semi-full-mec-ano-2022-2022-akrb/foto_24.webp\", \"vehicles/foton-tm3-dc-15-semi-full-mec-ano-2022-2022-akrb/foto_25.webp\", \"vehicles/foton-tm3-dc-15-semi-full-mec-ano-2022-2022-akrb/foto_5.webp\", \"vehicles/foton-tm3-dc-15-semi-full-mec-ano-2022-2022-akrb/foto_7.webp\", \"vehicles/foton-tm3-dc-15-semi-full-mec-ano-2022-2022-akrb/foto_8.webp\", \"vehicles/foton-tm3-dc-15-semi-full-mec-ano-2022-2022-akrb/foto_9.webp\"]',NULL,'2025-12-17 23:33:42','2026-01-16 14:24:03'),(41,18,2,7,'Landtreck Tdi',2023,99900,15990000,NULL,NULL,'Diesel','Mecánica','4x2','GRIS','1900',0,0,0,0,1,0,'peugeot-landtreck-4x4-tdi-19-full-mec-ano-2023-2023-asfp','','[\"vehicles/peugeot-landtreck-4x4-tdi-19-full-mec-ano-2023-2023-asfp/foto_8.webp\", \"vehicles/peugeot-landtreck-4x4-tdi-19-full-mec-ano-2023-2023-asfp/foto_20.webp\", \"vehicles/peugeot-landtreck-4x4-tdi-19-full-mec-ano-2023-2023-asfp/foto_11.webp\", \"vehicles/peugeot-landtreck-4x4-tdi-19-full-mec-ano-2023-2023-asfp/foto_1.webp\", \"vehicles/peugeot-landtreck-4x4-tdi-19-full-mec-ano-2023-2023-asfp/foto_13.webp\", \"vehicles/peugeot-landtreck-4x4-tdi-19-full-mec-ano-2023-2023-asfp/foto_16.webp\", \"vehicles/peugeot-landtreck-4x4-tdi-19-full-mec-ano-2023-2023-asfp/foto_17.webp\", \"vehicles/peugeot-landtreck-4x4-tdi-19-full-mec-ano-2023-2023-asfp/foto_19.webp\", \"vehicles/peugeot-landtreck-4x4-tdi-19-full-mec-ano-2023-2023-asfp/foto_2.webp\", \"vehicles/peugeot-landtreck-4x4-tdi-19-full-mec-ano-2023-2023-asfp/foto_25.webp\", \"vehicles/peugeot-landtreck-4x4-tdi-19-full-mec-ano-2023-2023-asfp/foto_26.webp\", \"vehicles/peugeot-landtreck-4x4-tdi-19-full-mec-ano-2023-2023-asfp/foto_27.webp\", \"vehicles/peugeot-landtreck-4x4-tdi-19-full-mec-ano-2023-2023-asfp/foto_3.webp\", \"vehicles/peugeot-landtreck-4x4-tdi-19-full-mec-ano-2023-2023-asfp/foto_5.webp\", \"vehicles/peugeot-landtreck-4x4-tdi-19-full-mec-ano-2023-2023-asfp/foto_6.webp\", \"vehicles/peugeot-landtreck-4x4-tdi-19-full-mec-ano-2023-2023-asfp/foto_7.webp\", \"vehicles/peugeot-landtreck-4x4-tdi-19-full-mec-ano-2023-2023-asfp/foto_9.webp\"]',NULL,'2025-12-17 23:33:42','2026-01-16 14:24:17'),(42,1,1,5,'X3 Xdrive 20D',2022,68100,36980000,NULL,NULL,'Diesel','Automática','4x2','AZUL','2000',0,0,0,1,1,0,'bmw-x3-xdrive-20d-4x4-20-full-aut-ano-2022-2022-ujmm','','[\"vehicles/bmw-x3-xdrive-20d-4x4-20-full-aut-ano-2022-2022-ujmm/foto_10.webp\", \"vehicles/bmw-x3-xdrive-20d-4x4-20-full-aut-ano-2022-2022-ujmm/foto_12.webp\", \"vehicles/bmw-x3-xdrive-20d-4x4-20-full-aut-ano-2022-2022-ujmm/foto_13.webp\", \"vehicles/bmw-x3-xdrive-20d-4x4-20-full-aut-ano-2022-2022-ujmm/foto_14.webp\", \"vehicles/bmw-x3-xdrive-20d-4x4-20-full-aut-ano-2022-2022-ujmm/foto_18.webp\", \"vehicles/bmw-x3-xdrive-20d-4x4-20-full-aut-ano-2022-2022-ujmm/foto_2.webp\", \"vehicles/bmw-x3-xdrive-20d-4x4-20-full-aut-ano-2022-2022-ujmm/foto_20.webp\", \"vehicles/bmw-x3-xdrive-20d-4x4-20-full-aut-ano-2022-2022-ujmm/foto_21.webp\", \"vehicles/bmw-x3-xdrive-20d-4x4-20-full-aut-ano-2022-2022-ujmm/foto_22.webp\", \"vehicles/bmw-x3-xdrive-20d-4x4-20-full-aut-ano-2022-2022-ujmm/foto_3.webp\", \"vehicles/bmw-x3-xdrive-20d-4x4-20-full-aut-ano-2022-2022-ujmm/foto_4.webp\", \"vehicles/bmw-x3-xdrive-20d-4x4-20-full-aut-ano-2022-2022-ujmm/foto_6.webp\"]',NULL,'2025-12-17 23:33:42','2026-01-16 14:37:15'),(43,3,1,5,'Q5 Sportback 50 Tfsi',2025,1100,59800000,NULL,NULL,'Híbrido','Automática','4x2','BLANCO','2000',0,0,0,1,1,0,'audi-q5-sportback-50-tfsi-4x4-20-full-aut-ano-2025-2025-9xpe','','[\"vehicles/audi-q5-sportback-50-tfsi-4x4-20-full-aut-ano-2025-2025-9xpe/foto_1.webp\", \"vehicles/audi-q5-sportback-50-tfsi-4x4-20-full-aut-ano-2025-2025-9xpe/foto_13.webp\", \"vehicles/audi-q5-sportback-50-tfsi-4x4-20-full-aut-ano-2025-2025-9xpe/foto_16.webp\", \"vehicles/audi-q5-sportback-50-tfsi-4x4-20-full-aut-ano-2025-2025-9xpe/foto_19.webp\", \"vehicles/audi-q5-sportback-50-tfsi-4x4-20-full-aut-ano-2025-2025-9xpe/foto_2.webp\", \"vehicles/audi-q5-sportback-50-tfsi-4x4-20-full-aut-ano-2025-2025-9xpe/foto_20.webp\", \"vehicles/audi-q5-sportback-50-tfsi-4x4-20-full-aut-ano-2025-2025-9xpe/foto_21.webp\", \"vehicles/audi-q5-sportback-50-tfsi-4x4-20-full-aut-ano-2025-2025-9xpe/foto_4.webp\", \"vehicles/audi-q5-sportback-50-tfsi-4x4-20-full-aut-ano-2025-2025-9xpe/foto_5.webp\", \"vehicles/audi-q5-sportback-50-tfsi-4x4-20-full-aut-ano-2025-2025-9xpe/foto_7.webp\", \"vehicles/audi-q5-sportback-50-tfsi-4x4-20-full-aut-ano-2025-2025-9xpe/foto_9.webp\"]',NULL,'2025-12-17 23:33:42','2026-01-16 14:37:06'),(44,3,1,5,'Q5 Tfsi',2018,129600,25980000,NULL,NULL,'Gasolina','Automática','4x2','BLANCO','2000',0,0,0,1,1,0,'audi-q5-tfsi-4x4-20-full-aut-ano-2018-2018-yspj','','[\"vehicles/audi-q5-tfsi-4x4-20-full-aut-ano-2018-2018-yspj/foto_1.webp\", \"vehicles/audi-q5-tfsi-4x4-20-full-aut-ano-2018-2018-yspj/foto_10.webp\", \"vehicles/audi-q5-tfsi-4x4-20-full-aut-ano-2018-2018-yspj/foto_12.webp\", \"vehicles/audi-q5-tfsi-4x4-20-full-aut-ano-2018-2018-yspj/foto_16.webp\", \"vehicles/audi-q5-tfsi-4x4-20-full-aut-ano-2018-2018-yspj/foto_17.webp\", \"vehicles/audi-q5-tfsi-4x4-20-full-aut-ano-2018-2018-yspj/foto_2.webp\", \"vehicles/audi-q5-tfsi-4x4-20-full-aut-ano-2018-2018-yspj/foto_21.webp\", \"vehicles/audi-q5-tfsi-4x4-20-full-aut-ano-2018-2018-yspj/foto_3.webp\", \"vehicles/audi-q5-tfsi-4x4-20-full-aut-ano-2018-2018-yspj/foto_4.webp\", \"vehicles/audi-q5-tfsi-4x4-20-full-aut-ano-2018-2018-yspj/foto_5.webp\", \"vehicles/audi-q5-tfsi-4x4-20-full-aut-ano-2018-2018-yspj/foto_7.webp\", \"vehicles/audi-q5-tfsi-4x4-20-full-aut-ano-2018-2018-yspj/foto_9.webp\"]',NULL,'2025-12-17 23:33:42','2026-01-16 14:37:07'),(45,1,1,5,'X1 Sdrive18I Dynamic',2024,43500,32980000,NULL,NULL,'Gasolina','Automática','4x2','gris','1500',0,0,0,1,1,0,'bmw-x1-sdrive18i-dynamic-15-full-aut-ano-2024-2024-q0xg','','[\"vehicles/bmw-x1-sdrive18i-dynamic-15-full-aut-ano-2024-2024-q0xg/foto_1.webp\", \"vehicles/bmw-x1-sdrive18i-dynamic-15-full-aut-ano-2024-2024-q0xg/foto_13.webp\", \"vehicles/bmw-x1-sdrive18i-dynamic-15-full-aut-ano-2024-2024-q0xg/foto_17.webp\", \"vehicles/bmw-x1-sdrive18i-dynamic-15-full-aut-ano-2024-2024-q0xg/foto_19.webp\", \"vehicles/bmw-x1-sdrive18i-dynamic-15-full-aut-ano-2024-2024-q0xg/foto_2.webp\", \"vehicles/bmw-x1-sdrive18i-dynamic-15-full-aut-ano-2024-2024-q0xg/foto_20.webp\", \"vehicles/bmw-x1-sdrive18i-dynamic-15-full-aut-ano-2024-2024-q0xg/foto_21.webp\", \"vehicles/bmw-x1-sdrive18i-dynamic-15-full-aut-ano-2024-2024-q0xg/foto_22.webp\", \"vehicles/bmw-x1-sdrive18i-dynamic-15-full-aut-ano-2024-2024-q0xg/foto_23.webp\", \"vehicles/bmw-x1-sdrive18i-dynamic-15-full-aut-ano-2024-2024-q0xg/foto_3.webp\", \"vehicles/bmw-x1-sdrive18i-dynamic-15-full-aut-ano-2024-2024-q0xg/foto_5.webp\", \"vehicles/bmw-x1-sdrive18i-dynamic-15-full-aut-ano-2024-2024-q0xg/foto_6.webp\", \"vehicles/bmw-x1-sdrive18i-dynamic-15-full-aut-ano-2024-2024-q0xg/foto_9.webp\"]',NULL,'2025-12-17 23:33:42','2026-01-16 14:37:15'),(46,12,2,1,'Raize E',2023,38800,13690000,NULL,NULL,'Gasolina','Automática','4x2','PLATA','1200',0,0,0,0,1,0,'toyota-raize-e-cvt-12-full-aut-ano-2023-2023-pcie','','[\"vehicles/toyota-raize-e-cvt-12-full-aut-ano-2023-2023-pcie/foto_1.webp\", \"vehicles/toyota-raize-e-cvt-12-full-aut-ano-2023-2023-pcie/foto_10.webp\", \"vehicles/toyota-raize-e-cvt-12-full-aut-ano-2023-2023-pcie/foto_12.webp\", \"vehicles/toyota-raize-e-cvt-12-full-aut-ano-2023-2023-pcie/foto_15.webp\", \"vehicles/toyota-raize-e-cvt-12-full-aut-ano-2023-2023-pcie/foto_17.webp\", \"vehicles/toyota-raize-e-cvt-12-full-aut-ano-2023-2023-pcie/foto_2.webp\", \"vehicles/toyota-raize-e-cvt-12-full-aut-ano-2023-2023-pcie/foto_21.webp\", \"vehicles/toyota-raize-e-cvt-12-full-aut-ano-2023-2023-pcie/foto_23.webp\", \"vehicles/toyota-raize-e-cvt-12-full-aut-ano-2023-2023-pcie/foto_24.webp\", \"vehicles/toyota-raize-e-cvt-12-full-aut-ano-2023-2023-pcie/foto_25.webp\", \"vehicles/toyota-raize-e-cvt-12-full-aut-ano-2023-2023-pcie/foto_4.webp\", \"vehicles/toyota-raize-e-cvt-12-full-aut-ano-2023-2023-pcie/foto_5.webp\", \"vehicles/toyota-raize-e-cvt-12-full-aut-ano-2023-2023-pcie/foto_6.webp\", \"vehicles/toyota-raize-e-cvt-12-full-aut-ano-2023-2023-pcie/foto_7.webp\", \"vehicles/toyota-raize-e-cvt-12-full-aut-ano-2023-2023-pcie/foto_9.webp\"]',NULL,'2025-12-17 23:33:42','2026-01-16 14:27:13'),(47,11,2,5,'Citroen C5 Aircross Hdi',2020,67600,13790000,NULL,NULL,'Diesel','Mecánica','4x2','BLANCO','1500',0,0,0,0,1,0,'citroen-citroen-c5-aircross-hdi-15-full-mec-ano-2020-2020-ha9k','','[\"vehicles/citroen-citroen-c5-aircross-hdi-15-full-mec-ano-2020-2020-ha9k/foto_1.webp\", \"vehicles/citroen-citroen-c5-aircross-hdi-15-full-mec-ano-2020-2020-ha9k/foto_13.webp\", \"vehicles/citroen-citroen-c5-aircross-hdi-15-full-mec-ano-2020-2020-ha9k/foto_16.webp\", \"vehicles/citroen-citroen-c5-aircross-hdi-15-full-mec-ano-2020-2020-ha9k/foto_18.webp\", \"vehicles/citroen-citroen-c5-aircross-hdi-15-full-mec-ano-2020-2020-ha9k/foto_19.webp\", \"vehicles/citroen-citroen-c5-aircross-hdi-15-full-mec-ano-2020-2020-ha9k/foto_21.webp\", \"vehicles/citroen-citroen-c5-aircross-hdi-15-full-mec-ano-2020-2020-ha9k/foto_22.webp\", \"vehicles/citroen-citroen-c5-aircross-hdi-15-full-mec-ano-2020-2020-ha9k/foto_23.webp\", \"vehicles/citroen-citroen-c5-aircross-hdi-15-full-mec-ano-2020-2020-ha9k/foto_24.webp\", \"vehicles/citroen-citroen-c5-aircross-hdi-15-full-mec-ano-2020-2020-ha9k/foto_25.webp\", \"vehicles/citroen-citroen-c5-aircross-hdi-15-full-mec-ano-2020-2020-ha9k/foto_3.webp\", \"vehicles/citroen-citroen-c5-aircross-hdi-15-full-mec-ano-2020-2020-ha9k/foto_4.webp\", \"vehicles/citroen-citroen-c5-aircross-hdi-15-full-mec-ano-2020-2020-ha9k/foto_5.webp\", \"vehicles/citroen-citroen-c5-aircross-hdi-15-full-mec-ano-2020-2020-ha9k/foto_6.webp\", \"vehicles/citroen-citroen-c5-aircross-hdi-15-full-mec-ano-2020-2020-ha9k/foto_9.webp\"]',NULL,'2025-12-17 23:33:42','2026-01-16 14:27:11'),(48,5,2,1,'Unit',2022,67500,14690000,NULL,NULL,'Gasolina','Automática','4x2','BLANCO','1500',0,0,0,0,1,0,'changan-unit-turbo-15-full-aut-ano-2022-2022-xone','','[\"vehicles/changan-unit-turbo-15-full-aut-ano-2022-2022-xone/foto_1.webp\", \"vehicles/changan-unit-turbo-15-full-aut-ano-2022-2022-xone/foto_10.webp\", \"vehicles/changan-unit-turbo-15-full-aut-ano-2022-2022-xone/foto_12.webp\", \"vehicles/changan-unit-turbo-15-full-aut-ano-2022-2022-xone/foto_13.webp\", \"vehicles/changan-unit-turbo-15-full-aut-ano-2022-2022-xone/foto_17.webp\", \"vehicles/changan-unit-turbo-15-full-aut-ano-2022-2022-xone/foto_18.webp\", \"vehicles/changan-unit-turbo-15-full-aut-ano-2022-2022-xone/foto_2.webp\", \"vehicles/changan-unit-turbo-15-full-aut-ano-2022-2022-xone/foto_22.webp\", \"vehicles/changan-unit-turbo-15-full-aut-ano-2022-2022-xone/foto_24.webp\", \"vehicles/changan-unit-turbo-15-full-aut-ano-2022-2022-xone/foto_3.webp\", \"vehicles/changan-unit-turbo-15-full-aut-ano-2022-2022-xone/foto_5.webp\", \"vehicles/changan-unit-turbo-15-full-aut-ano-2022-2022-xone/foto_6.webp\", \"vehicles/changan-unit-turbo-15-full-aut-ano-2022-2022-xone/foto_8.webp\", \"vehicles/changan-unit-turbo-15-full-aut-ano-2022-2022-xone/foto_9.webp\"]',NULL,'2025-12-17 23:33:42','2026-01-16 14:23:57'),(49,4,2,7,'Amarok Trendline Tdi',2017,185000,14490000,NULL,NULL,'Diesel','Automática','4x2','BLANCO','2000',0,0,0,0,1,0,'volkswagen-amarok-trendline-4x4-tdi-20-full-aut-ano-2017-2017-ffaq','','[\"vehicles/volkswagen-amarok-trendline-4x4-tdi-20-full-aut-ano-2017-2017-ffaq/foto_8.webp\", \"vehicles/volkswagen-amarok-trendline-4x4-tdi-20-full-aut-ano-2017-2017-ffaq/foto_1.webp\", \"vehicles/volkswagen-amarok-trendline-4x4-tdi-20-full-aut-ano-2017-2017-ffaq/foto_12.webp\", \"vehicles/volkswagen-amarok-trendline-4x4-tdi-20-full-aut-ano-2017-2017-ffaq/foto_14.webp\", \"vehicles/volkswagen-amarok-trendline-4x4-tdi-20-full-aut-ano-2017-2017-ffaq/foto_16.webp\", \"vehicles/volkswagen-amarok-trendline-4x4-tdi-20-full-aut-ano-2017-2017-ffaq/foto_18.webp\", \"vehicles/volkswagen-amarok-trendline-4x4-tdi-20-full-aut-ano-2017-2017-ffaq/foto_2.webp\", \"vehicles/volkswagen-amarok-trendline-4x4-tdi-20-full-aut-ano-2017-2017-ffaq/foto_20.webp\", \"vehicles/volkswagen-amarok-trendline-4x4-tdi-20-full-aut-ano-2017-2017-ffaq/foto_23.webp\", \"vehicles/volkswagen-amarok-trendline-4x4-tdi-20-full-aut-ano-2017-2017-ffaq/foto_24.webp\", \"vehicles/volkswagen-amarok-trendline-4x4-tdi-20-full-aut-ano-2017-2017-ffaq/foto_25.webp\", \"vehicles/volkswagen-amarok-trendline-4x4-tdi-20-full-aut-ano-2017-2017-ffaq/foto_3.webp\", \"vehicles/volkswagen-amarok-trendline-4x4-tdi-20-full-aut-ano-2017-2017-ffaq/foto_5.webp\", \"vehicles/volkswagen-amarok-trendline-4x4-tdi-20-full-aut-ano-2017-2017-ffaq/foto_6.webp\", \"vehicles/volkswagen-amarok-trendline-4x4-tdi-20-full-aut-ano-2017-2017-ffaq/foto_7.webp\"]',NULL,'2025-12-17 23:33:42','2026-01-16 14:24:30'),(50,13,2,5,'Grand Cherokee Ltd Lx',2018,75000,20990000,NULL,NULL,'Gasolina','AUTOMATICA','4x2','GRIS GRAFITO','3600',0,0,0,0,1,0,'jeep-grand-cherokee-ltd-lx-4x4-36-aut-ano-2018-2018-s5ks','','[\"vehicles/jeep-grand-cherokee-ltd-lx-4x4-36-aut-ano-2018-2018-s5ks/foto_1.webp\", \"vehicles/jeep-grand-cherokee-ltd-lx-4x4-36-aut-ano-2018-2018-s5ks/foto_11.webp\", \"vehicles/jeep-grand-cherokee-ltd-lx-4x4-36-aut-ano-2018-2018-s5ks/foto_13.webp\", \"vehicles/jeep-grand-cherokee-ltd-lx-4x4-36-aut-ano-2018-2018-s5ks/foto_16.webp\", \"vehicles/jeep-grand-cherokee-ltd-lx-4x4-36-aut-ano-2018-2018-s5ks/foto_17.webp\", \"vehicles/jeep-grand-cherokee-ltd-lx-4x4-36-aut-ano-2018-2018-s5ks/foto_2.webp\", \"vehicles/jeep-grand-cherokee-ltd-lx-4x4-36-aut-ano-2018-2018-s5ks/foto_21.webp\", \"vehicles/jeep-grand-cherokee-ltd-lx-4x4-36-aut-ano-2018-2018-s5ks/foto_22.webp\", \"vehicles/jeep-grand-cherokee-ltd-lx-4x4-36-aut-ano-2018-2018-s5ks/foto_24.webp\", \"vehicles/jeep-grand-cherokee-ltd-lx-4x4-36-aut-ano-2018-2018-s5ks/foto_3.webp\", \"vehicles/jeep-grand-cherokee-ltd-lx-4x4-36-aut-ano-2018-2018-s5ks/foto_5.webp\", \"vehicles/jeep-grand-cherokee-ltd-lx-4x4-36-aut-ano-2018-2018-s5ks/foto_6.webp\", \"vehicles/jeep-grand-cherokee-ltd-lx-4x4-36-aut-ano-2018-2018-s5ks/foto_8.webp\", \"vehicles/jeep-grand-cherokee-ltd-lx-4x4-36-aut-ano-2018-2018-s5ks/foto_9.webp\"]',NULL,'2025-12-17 23:33:43','2026-01-16 14:24:06'),(51,1,4,2,'Motorrad R 1250 Gs Adventure Ii',2019,66780,15990000,NULL,NULL,'Gasolina','Automática','4x2','CAFÉ METALIZADO MATE','',0,0,0,0,1,0,'bmw-motorrad-r-1250-gs-adventure-ii-ano-2019-2019-g2fp','','[\"vehicles/bmw-motorrad-r-1250-gs-adventure-ii-ano-2019-2019-g2fp/foto_1.webp\", \"vehicles/bmw-motorrad-r-1250-gs-adventure-ii-ano-2019-2019-g2fp/foto_12.webp\", \"vehicles/bmw-motorrad-r-1250-gs-adventure-ii-ano-2019-2019-g2fp/foto_14.webp\", \"vehicles/bmw-motorrad-r-1250-gs-adventure-ii-ano-2019-2019-g2fp/foto_17.webp\", \"vehicles/bmw-motorrad-r-1250-gs-adventure-ii-ano-2019-2019-g2fp/foto_18.webp\", \"vehicles/bmw-motorrad-r-1250-gs-adventure-ii-ano-2019-2019-g2fp/foto_19.webp\", \"vehicles/bmw-motorrad-r-1250-gs-adventure-ii-ano-2019-2019-g2fp/foto_2.webp\", \"vehicles/bmw-motorrad-r-1250-gs-adventure-ii-ano-2019-2019-g2fp/foto_4.webp\", \"vehicles/bmw-motorrad-r-1250-gs-adventure-ii-ano-2019-2019-g2fp/foto_6.webp\"]',NULL,'2025-12-17 23:33:43','2026-01-16 14:23:55'),(52,12,2,9,'Rav 4 Hybrido',2023,33120,29990000,NULL,NULL,'Híbrido','AUTOMATICA','4x2','','2500',0,0,0,0,1,0,'toyota-rav-4-hybrido-cvt-25-aut-ano-2023-2023-coui','','[\"vehicles/toyota-rav-4-hybrido-cvt-25-aut-ano-2023-2023-coui/foto_1.webp\", \"vehicles/toyota-rav-4-hybrido-cvt-25-aut-ano-2023-2023-coui/foto_13.webp\", \"vehicles/toyota-rav-4-hybrido-cvt-25-aut-ano-2023-2023-coui/foto_15.webp\", \"vehicles/toyota-rav-4-hybrido-cvt-25-aut-ano-2023-2023-coui/foto_18.webp\", \"vehicles/toyota-rav-4-hybrido-cvt-25-aut-ano-2023-2023-coui/foto_2.webp\", \"vehicles/toyota-rav-4-hybrido-cvt-25-aut-ano-2023-2023-coui/foto_20.webp\", \"vehicles/toyota-rav-4-hybrido-cvt-25-aut-ano-2023-2023-coui/foto_21.webp\", \"vehicles/toyota-rav-4-hybrido-cvt-25-aut-ano-2023-2023-coui/foto_22.webp\", \"vehicles/toyota-rav-4-hybrido-cvt-25-aut-ano-2023-2023-coui/foto_23.webp\", \"vehicles/toyota-rav-4-hybrido-cvt-25-aut-ano-2023-2023-coui/foto_3.webp\", \"vehicles/toyota-rav-4-hybrido-cvt-25-aut-ano-2023-2023-coui/foto_5.webp\", \"vehicles/toyota-rav-4-hybrido-cvt-25-aut-ano-2023-2023-coui/foto_7.webp\", \"vehicles/toyota-rav-4-hybrido-cvt-25-aut-ano-2023-2023-coui/foto_9.webp\"]',NULL,'2025-12-17 23:33:43','2026-01-16 14:27:16'),(53,11,2,1,'Citroen C3 Puretech 82 Bvm Feel',2024,17670,9990000,8990000,NULL,'Gasolina','MECANICO','4x2','GRIS','1200',0,0,0,0,1,0,'citroen-citroen-c3-12-puretech-82-bvm-feel-ano-2024-2024-pwhv','','[\"vehicles/citroen-citroen-c3-12-puretech-82-bvm-feel-ano-2024-2024-pwhv/foto_1.webp\", \"vehicles/citroen-citroen-c3-12-puretech-82-bvm-feel-ano-2024-2024-pwhv/foto_10.webp\", \"vehicles/citroen-citroen-c3-12-puretech-82-bvm-feel-ano-2024-2024-pwhv/foto_11.webp\", \"vehicles/citroen-citroen-c3-12-puretech-82-bvm-feel-ano-2024-2024-pwhv/foto_14.webp\", \"vehicles/citroen-citroen-c3-12-puretech-82-bvm-feel-ano-2024-2024-pwhv/foto_16.webp\", \"vehicles/citroen-citroen-c3-12-puretech-82-bvm-feel-ano-2024-2024-pwhv/foto_2.webp\", \"vehicles/citroen-citroen-c3-12-puretech-82-bvm-feel-ano-2024-2024-pwhv/foto_22.webp\", \"vehicles/citroen-citroen-c3-12-puretech-82-bvm-feel-ano-2024-2024-pwhv/foto_23.webp\", \"vehicles/citroen-citroen-c3-12-puretech-82-bvm-feel-ano-2024-2024-pwhv/foto_4.webp\", \"vehicles/citroen-citroen-c3-12-puretech-82-bvm-feel-ano-2024-2024-pwhv/foto_5.webp\", \"vehicles/citroen-citroen-c3-12-puretech-82-bvm-feel-ano-2024-2024-pwhv/foto_6.webp\", \"vehicles/citroen-citroen-c3-12-puretech-82-bvm-feel-ano-2024-2024-pwhv/foto_7.webp\", \"vehicles/citroen-citroen-c3-12-puretech-82-bvm-feel-ano-2024-2024-pwhv/foto_9.webp\"]',NULL,'2025-12-17 23:33:43','2026-01-16 14:28:02'),(54,12,2,1,'Prius',2020,205232,9990000,NULL,NULL,'Gasolina','AUTOMATICA','4x2','','1500',0,0,0,0,1,0,'toyota-prius-15-automatico-ano-2020-2020-kr8x','','[\"vehicles/toyota-prius-15-automatico-ano-2020-2020-kr8x/foto_1.webp\", \"vehicles/toyota-prius-15-automatico-ano-2020-2020-kr8x/foto_11.webp\", \"vehicles/toyota-prius-15-automatico-ano-2020-2020-kr8x/foto_16.webp\", \"vehicles/toyota-prius-15-automatico-ano-2020-2020-kr8x/foto_19.webp\", \"vehicles/toyota-prius-15-automatico-ano-2020-2020-kr8x/foto_2.webp\", \"vehicles/toyota-prius-15-automatico-ano-2020-2020-kr8x/foto_22.webp\", \"vehicles/toyota-prius-15-automatico-ano-2020-2020-kr8x/foto_23.webp\", \"vehicles/toyota-prius-15-automatico-ano-2020-2020-kr8x/foto_24.webp\", \"vehicles/toyota-prius-15-automatico-ano-2020-2020-kr8x/foto_25.webp\", \"vehicles/toyota-prius-15-automatico-ano-2020-2020-kr8x/foto_3.webp\", \"vehicles/toyota-prius-15-automatico-ano-2020-2020-kr8x/foto_5.webp\", \"vehicles/toyota-prius-15-automatico-ano-2020-2020-kr8x/foto_6.webp\", \"vehicles/toyota-prius-15-automatico-ano-2020-2020-kr8x/foto_7.webp\", \"vehicles/toyota-prius-15-automatico-ano-2020-2020-kr8x/foto_8.webp\", \"vehicles/toyota-prius-15-automatico-ano-2020-2020-kr8x/foto_9.webp\"]',NULL,'2025-12-17 23:33:43','2026-01-16 14:28:04'),(55,4,2,1,'Gol Hb',2022,41170,8290000,NULL,NULL,'Gasolina','MECANICO','4x2','','1600',0,0,0,0,1,0,'volkswagen-gol-hb-16-full-mecanico-ano-2022-2022-ddic','','[\"vehicles/volkswagen-gol-hb-16-full-mecanico-ano-2022-2022-ddic/foto_1.webp\", \"vehicles/volkswagen-gol-hb-16-full-mecanico-ano-2022-2022-ddic/foto_10.webp\", \"vehicles/volkswagen-gol-hb-16-full-mecanico-ano-2022-2022-ddic/foto_12.webp\", \"vehicles/volkswagen-gol-hb-16-full-mecanico-ano-2022-2022-ddic/foto_14.webp\", \"vehicles/volkswagen-gol-hb-16-full-mecanico-ano-2022-2022-ddic/foto_17.webp\", \"vehicles/volkswagen-gol-hb-16-full-mecanico-ano-2022-2022-ddic/foto_19.webp\", \"vehicles/volkswagen-gol-hb-16-full-mecanico-ano-2022-2022-ddic/foto_20.webp\", \"vehicles/volkswagen-gol-hb-16-full-mecanico-ano-2022-2022-ddic/foto_22.webp\", \"vehicles/volkswagen-gol-hb-16-full-mecanico-ano-2022-2022-ddic/foto_24.webp\", \"vehicles/volkswagen-gol-hb-16-full-mecanico-ano-2022-2022-ddic/foto_25.webp\", \"vehicles/volkswagen-gol-hb-16-full-mecanico-ano-2022-2022-ddic/foto_3.webp\", \"vehicles/volkswagen-gol-hb-16-full-mecanico-ano-2022-2022-ddic/foto_4.webp\", \"vehicles/volkswagen-gol-hb-16-full-mecanico-ano-2022-2022-ddic/foto_5.webp\", \"vehicles/volkswagen-gol-hb-16-full-mecanico-ano-2022-2022-ddic/foto_6.webp\", \"vehicles/volkswagen-gol-hb-16-full-mecanico-ano-2022-2022-ddic/foto_8.webp\"]',NULL,'2025-12-17 23:33:43','2026-01-16 14:28:01'),(56,19,2,9,'Sonet Ex',2024,49831,14990000,NULL,NULL,'Gasolina','AUTOMATICO','4x2','GRAFITO','1500',0,0,0,0,1,0,'kia-motors-sonet-ex-15-aut-ano-2024-2024-i9gw','','[\"vehicles/kia-motors-sonet-ex-15-aut-ano-2024-2024-i9gw/foto_1.webp\", \"vehicles/kia-motors-sonet-ex-15-aut-ano-2024-2024-i9gw/foto_12.webp\", \"vehicles/kia-motors-sonet-ex-15-aut-ano-2024-2024-i9gw/foto_14.webp\", \"vehicles/kia-motors-sonet-ex-15-aut-ano-2024-2024-i9gw/foto_15.webp\", \"vehicles/kia-motors-sonet-ex-15-aut-ano-2024-2024-i9gw/foto_16.webp\", \"vehicles/kia-motors-sonet-ex-15-aut-ano-2024-2024-i9gw/foto_18.webp\", \"vehicles/kia-motors-sonet-ex-15-aut-ano-2024-2024-i9gw/foto_2.webp\", \"vehicles/kia-motors-sonet-ex-15-aut-ano-2024-2024-i9gw/foto_22.webp\", \"vehicles/kia-motors-sonet-ex-15-aut-ano-2024-2024-i9gw/foto_23.webp\", \"vehicles/kia-motors-sonet-ex-15-aut-ano-2024-2024-i9gw/foto_24.webp\", \"vehicles/kia-motors-sonet-ex-15-aut-ano-2024-2024-i9gw/foto_25.webp\", \"vehicles/kia-motors-sonet-ex-15-aut-ano-2024-2024-i9gw/foto_4.webp\", \"vehicles/kia-motors-sonet-ex-15-aut-ano-2024-2024-i9gw/foto_5.webp\", \"vehicles/kia-motors-sonet-ex-15-aut-ano-2024-2024-i9gw/foto_7.webp\", \"vehicles/kia-motors-sonet-ex-15-aut-ano-2024-2024-i9gw/foto_8.webp\"]',NULL,'2025-12-17 23:33:43','2026-01-16 14:27:59'),(57,4,2,9,'Atlas Otto',2020,93126,20990000,NULL,NULL,'Gasolina','AUTOMATICA','4x2','PLATEADO','3600',0,0,0,0,1,0,'volkswagen-atlas-4x4-otto-36-aut-ano-2020-2020-j6ca','','[\"vehicles/volkswagen-atlas-4x4-otto-36-aut-ano-2020-2020-j6ca/foto_1.webp\", \"vehicles/volkswagen-atlas-4x4-otto-36-aut-ano-2020-2020-j6ca/foto_10.webp\", \"vehicles/volkswagen-atlas-4x4-otto-36-aut-ano-2020-2020-j6ca/foto_11.webp\", \"vehicles/volkswagen-atlas-4x4-otto-36-aut-ano-2020-2020-j6ca/foto_13.webp\", \"vehicles/volkswagen-atlas-4x4-otto-36-aut-ano-2020-2020-j6ca/foto_14.webp\", \"vehicles/volkswagen-atlas-4x4-otto-36-aut-ano-2020-2020-j6ca/foto_18.webp\", \"vehicles/volkswagen-atlas-4x4-otto-36-aut-ano-2020-2020-j6ca/foto_19.webp\", \"vehicles/volkswagen-atlas-4x4-otto-36-aut-ano-2020-2020-j6ca/foto_21.webp\", \"vehicles/volkswagen-atlas-4x4-otto-36-aut-ano-2020-2020-j6ca/foto_25.webp\", \"vehicles/volkswagen-atlas-4x4-otto-36-aut-ano-2020-2020-j6ca/foto_3.webp\", \"vehicles/volkswagen-atlas-4x4-otto-36-aut-ano-2020-2020-j6ca/foto_4.webp\", \"vehicles/volkswagen-atlas-4x4-otto-36-aut-ano-2020-2020-j6ca/foto_5.webp\", \"vehicles/volkswagen-atlas-4x4-otto-36-aut-ano-2020-2020-j6ca/foto_6.webp\", \"vehicles/volkswagen-atlas-4x4-otto-36-aut-ano-2020-2020-j6ca/foto_7.webp\", \"vehicles/volkswagen-atlas-4x4-otto-36-aut-ano-2020-2020-j6ca/foto_8.webp\"]',NULL,'2025-12-17 23:33:43','2026-01-16 14:27:58'),(58,18,2,9,'3008 Active Blue Hdi',2020,94688,14690000,NULL,NULL,'Diesel','MECANICA','4x2','GRIS','1500',0,0,0,0,1,0,'peugeot-3008-active-blue-hdi-15-mec-ano-2020-2020-jjr6','','[\"vehicles/peugeot-3008-active-blue-hdi-15-mec-ano-2020-2020-jjr6/foto_1.webp\", \"vehicles/peugeot-3008-active-blue-hdi-15-mec-ano-2020-2020-jjr6/foto_10.webp\", \"vehicles/peugeot-3008-active-blue-hdi-15-mec-ano-2020-2020-jjr6/foto_11.webp\", \"vehicles/peugeot-3008-active-blue-hdi-15-mec-ano-2020-2020-jjr6/foto_15.webp\", \"vehicles/peugeot-3008-active-blue-hdi-15-mec-ano-2020-2020-jjr6/foto_16.webp\", \"vehicles/peugeot-3008-active-blue-hdi-15-mec-ano-2020-2020-jjr6/foto_2.webp\", \"vehicles/peugeot-3008-active-blue-hdi-15-mec-ano-2020-2020-jjr6/foto_22.webp\", \"vehicles/peugeot-3008-active-blue-hdi-15-mec-ano-2020-2020-jjr6/foto_23.webp\", \"vehicles/peugeot-3008-active-blue-hdi-15-mec-ano-2020-2020-jjr6/foto_24.webp\", \"vehicles/peugeot-3008-active-blue-hdi-15-mec-ano-2020-2020-jjr6/foto_4.webp\", \"vehicles/peugeot-3008-active-blue-hdi-15-mec-ano-2020-2020-jjr6/foto_5.webp\", \"vehicles/peugeot-3008-active-blue-hdi-15-mec-ano-2020-2020-jjr6/foto_6.webp\", \"vehicles/peugeot-3008-active-blue-hdi-15-mec-ano-2020-2020-jjr6/foto_7.webp\", \"vehicles/peugeot-3008-active-blue-hdi-15-mec-ano-2020-2020-jjr6/foto_8.webp\"]',NULL,'2025-12-17 23:33:43','2026-01-16 14:27:57'),(59,20,2,9,'X7 Sport',2019,61626,9990000,NULL,NULL,'Gasolina','AUTOMATICA','4x2','','2400',0,0,0,0,1,0,'geely-x7-sport-24-aut-ano-2019-2019-j5rs','','[\"vehicles/geely-x7-sport-24-aut-ano-2019-2019-j5rs/foto_1.webp\", \"vehicles/geely-x7-sport-24-aut-ano-2019-2019-j5rs/foto_10.webp\", \"vehicles/geely-x7-sport-24-aut-ano-2019-2019-j5rs/foto_13.webp\", \"vehicles/geely-x7-sport-24-aut-ano-2019-2019-j5rs/foto_15.webp\", \"vehicles/geely-x7-sport-24-aut-ano-2019-2019-j5rs/foto_18.webp\", \"vehicles/geely-x7-sport-24-aut-ano-2019-2019-j5rs/foto_2.webp\", \"vehicles/geely-x7-sport-24-aut-ano-2019-2019-j5rs/foto_20.webp\", \"vehicles/geely-x7-sport-24-aut-ano-2019-2019-j5rs/foto_21.webp\", \"vehicles/geely-x7-sport-24-aut-ano-2019-2019-j5rs/foto_23.webp\", \"vehicles/geely-x7-sport-24-aut-ano-2019-2019-j5rs/foto_24.webp\", \"vehicles/geely-x7-sport-24-aut-ano-2019-2019-j5rs/foto_25.webp\", \"vehicles/geely-x7-sport-24-aut-ano-2019-2019-j5rs/foto_3.webp\", \"vehicles/geely-x7-sport-24-aut-ano-2019-2019-j5rs/foto_5.webp\", \"vehicles/geely-x7-sport-24-aut-ano-2019-2019-j5rs/foto_7.webp\", \"vehicles/geely-x7-sport-24-aut-ano-2019-2019-j5rs/foto_8.webp\"]',NULL,'2025-12-17 23:33:43','2026-01-16 14:27:55'),(60,11,2,1,'Citroen C3 Blue Hdi',2023,73585,12390000,NULL,NULL,'Diesel','MECANICA','4x2','GRAFITO','1500',0,0,0,0,1,0,'citroen-citroen-c3-blue-hdi-15-mec-ano-2023-2023-c1gc','','[\"vehicles/citroen-citroen-c3-blue-hdi-15-mec-ano-2023-2023-c1gc/foto_1.webp\", \"vehicles/citroen-citroen-c3-blue-hdi-15-mec-ano-2023-2023-c1gc/foto_10.webp\", \"vehicles/citroen-citroen-c3-blue-hdi-15-mec-ano-2023-2023-c1gc/foto_12.webp\", \"vehicles/citroen-citroen-c3-blue-hdi-15-mec-ano-2023-2023-c1gc/foto_14.webp\", \"vehicles/citroen-citroen-c3-blue-hdi-15-mec-ano-2023-2023-c1gc/foto_17.webp\", \"vehicles/citroen-citroen-c3-blue-hdi-15-mec-ano-2023-2023-c1gc/foto_19.webp\", \"vehicles/citroen-citroen-c3-blue-hdi-15-mec-ano-2023-2023-c1gc/foto_22.webp\", \"vehicles/citroen-citroen-c3-blue-hdi-15-mec-ano-2023-2023-c1gc/foto_24.webp\", \"vehicles/citroen-citroen-c3-blue-hdi-15-mec-ano-2023-2023-c1gc/foto_25.webp\", \"vehicles/citroen-citroen-c3-blue-hdi-15-mec-ano-2023-2023-c1gc/foto_3.webp\", \"vehicles/citroen-citroen-c3-blue-hdi-15-mec-ano-2023-2023-c1gc/foto_4.webp\", \"vehicles/citroen-citroen-c3-blue-hdi-15-mec-ano-2023-2023-c1gc/foto_5.webp\", \"vehicles/citroen-citroen-c3-blue-hdi-15-mec-ano-2023-2023-c1gc/foto_6.webp\", \"vehicles/citroen-citroen-c3-blue-hdi-15-mec-ano-2023-2023-c1gc/foto_7.webp\", \"vehicles/citroen-citroen-c3-blue-hdi-15-mec-ano-2023-2023-c1gc/foto_8.webp\"]',NULL,'2025-12-17 23:33:43','2026-01-16 14:27:53'),(61,12,2,6,'Corolla Sd',2024,21690,17990000,NULL,NULL,'Gasolina','MACANICA','4x2','','2000',0,0,0,0,1,0,'toyota-corolla-sd-4x2-20-mec-ano-2024-2024-rdtr','','[\"vehicles/toyota-corolla-sd-4x2-20-mec-ano-2024-2024-rdtr/foto_1.webp\", \"vehicles/toyota-corolla-sd-4x2-20-mec-ano-2024-2024-rdtr/foto_11.webp\", \"vehicles/toyota-corolla-sd-4x2-20-mec-ano-2024-2024-rdtr/foto_15.webp\", \"vehicles/toyota-corolla-sd-4x2-20-mec-ano-2024-2024-rdtr/foto_16.webp\", \"vehicles/toyota-corolla-sd-4x2-20-mec-ano-2024-2024-rdtr/foto_19.webp\", \"vehicles/toyota-corolla-sd-4x2-20-mec-ano-2024-2024-rdtr/foto_2.webp\", \"vehicles/toyota-corolla-sd-4x2-20-mec-ano-2024-2024-rdtr/foto_22.webp\", \"vehicles/toyota-corolla-sd-4x2-20-mec-ano-2024-2024-rdtr/foto_23.webp\", \"vehicles/toyota-corolla-sd-4x2-20-mec-ano-2024-2024-rdtr/foto_24.webp\", \"vehicles/toyota-corolla-sd-4x2-20-mec-ano-2024-2024-rdtr/foto_25.webp\", \"vehicles/toyota-corolla-sd-4x2-20-mec-ano-2024-2024-rdtr/foto_3.webp\", \"vehicles/toyota-corolla-sd-4x2-20-mec-ano-2024-2024-rdtr/foto_5.webp\", \"vehicles/toyota-corolla-sd-4x2-20-mec-ano-2024-2024-rdtr/foto_6.webp\", \"vehicles/toyota-corolla-sd-4x2-20-mec-ano-2024-2024-rdtr/foto_7.webp\", \"vehicles/toyota-corolla-sd-4x2-20-mec-ano-2024-2024-rdtr/foto_9.webp\"]',NULL,'2025-12-17 23:33:43','2026-01-16 14:27:52'),(62,6,2,9,'ZS MT',2022,42366,8690000,NULL,NULL,'Gasolina','MECANICA','4x2','','1500',0,0,0,0,1,0,'mg-zs-15l-mt-std-ano-2022-2022-phfb','','[\"vehicles/mg-zs-15l-mt-std-ano-2022-2022-phfb/foto_1.webp\", \"vehicles/mg-zs-15l-mt-std-ano-2022-2022-phfb/foto_11.webp\", \"vehicles/mg-zs-15l-mt-std-ano-2022-2022-phfb/foto_15.webp\", \"vehicles/mg-zs-15l-mt-std-ano-2022-2022-phfb/foto_16.webp\", \"vehicles/mg-zs-15l-mt-std-ano-2022-2022-phfb/foto_17.webp\", \"vehicles/mg-zs-15l-mt-std-ano-2022-2022-phfb/foto_21.webp\", \"vehicles/mg-zs-15l-mt-std-ano-2022-2022-phfb/foto_23.webp\", \"vehicles/mg-zs-15l-mt-std-ano-2022-2022-phfb/foto_24.webp\", \"vehicles/mg-zs-15l-mt-std-ano-2022-2022-phfb/foto_25.webp\", \"vehicles/mg-zs-15l-mt-std-ano-2022-2022-phfb/foto_3.webp\", \"vehicles/mg-zs-15l-mt-std-ano-2022-2022-phfb/foto_4.webp\", \"vehicles/mg-zs-15l-mt-std-ano-2022-2022-phfb/foto_5.webp\", \"vehicles/mg-zs-15l-mt-std-ano-2022-2022-phfb/foto_7.webp\", \"vehicles/mg-zs-15l-mt-std-ano-2022-2022-phfb/foto_8.webp\", \"vehicles/mg-zs-15l-mt-std-ano-2022-2022-phfb/foto_9.webp\"]',NULL,'2025-12-17 23:33:43','2026-01-16 14:27:51'),(63,18,2,1,'308 Puretech',2023,23075,19490000,NULL,NULL,'Gasolina','AUTOMATICA','4x2','','1200',0,0,0,0,1,0,'peugeot-308-puretech-12-aut-ano-2023-2023-pkvf','','[\"vehicles/peugeot-308-puretech-12-aut-ano-2023-2023-pkvf/foto_1.webp\", \"vehicles/peugeot-308-puretech-12-aut-ano-2023-2023-pkvf/foto_10.webp\", \"vehicles/peugeot-308-puretech-12-aut-ano-2023-2023-pkvf/foto_12.webp\", \"vehicles/peugeot-308-puretech-12-aut-ano-2023-2023-pkvf/foto_14.webp\", \"vehicles/peugeot-308-puretech-12-aut-ano-2023-2023-pkvf/foto_18.webp\", \"vehicles/peugeot-308-puretech-12-aut-ano-2023-2023-pkvf/foto_2.webp\", \"vehicles/peugeot-308-puretech-12-aut-ano-2023-2023-pkvf/foto_21.webp\", \"vehicles/peugeot-308-puretech-12-aut-ano-2023-2023-pkvf/foto_22.webp\", \"vehicles/peugeot-308-puretech-12-aut-ano-2023-2023-pkvf/foto_24.webp\", \"vehicles/peugeot-308-puretech-12-aut-ano-2023-2023-pkvf/foto_25.webp\", \"vehicles/peugeot-308-puretech-12-aut-ano-2023-2023-pkvf/foto_26.webp\", \"vehicles/peugeot-308-puretech-12-aut-ano-2023-2023-pkvf/foto_4.webp\", \"vehicles/peugeot-308-puretech-12-aut-ano-2023-2023-pkvf/foto_5.webp\", \"vehicles/peugeot-308-puretech-12-aut-ano-2023-2023-pkvf/foto_6.webp\", \"vehicles/peugeot-308-puretech-12-aut-ano-2023-2023-pkvf/foto_7.webp\", \"vehicles/peugeot-308-puretech-12-aut-ano-2023-2023-pkvf/foto_8.webp\"]',NULL,'2025-12-17 23:33:43','2026-01-16 14:27:49'),(64,8,2,7,'T60 Dx',2023,70974,13990000,NULL,NULL,'Diesel','MECANICA','4x2','BLANCO','2800',0,0,0,0,1,0,'maxus-t60-dx-4x4-28-mec-ano-2023-2023-71op','','[\"vehicles/maxus-t60-dx-4x4-28-mec-ano-2023-2023-71op/foto_22.webp\", \"vehicles/maxus-t60-dx-4x4-28-mec-ano-2023-2023-71op/foto_19.webp\", \"vehicles/maxus-t60-dx-4x4-28-mec-ano-2023-2023-71op/foto_14.webp\", \"vehicles/maxus-t60-dx-4x4-28-mec-ano-2023-2023-71op/foto_15.webp\", \"vehicles/maxus-t60-dx-4x4-28-mec-ano-2023-2023-71op/foto_1.webp\", \"vehicles/maxus-t60-dx-4x4-28-mec-ano-2023-2023-71op/foto_13.webp\", \"vehicles/maxus-t60-dx-4x4-28-mec-ano-2023-2023-71op/foto_16.webp\", \"vehicles/maxus-t60-dx-4x4-28-mec-ano-2023-2023-71op/foto_18.webp\", \"vehicles/maxus-t60-dx-4x4-28-mec-ano-2023-2023-71op/foto_23.webp\", \"vehicles/maxus-t60-dx-4x4-28-mec-ano-2023-2023-71op/foto_3.webp\", \"vehicles/maxus-t60-dx-4x4-28-mec-ano-2023-2023-71op/foto_4.webp\", \"vehicles/maxus-t60-dx-4x4-28-mec-ano-2023-2023-71op/foto_5.webp\", \"vehicles/maxus-t60-dx-4x4-28-mec-ano-2023-2023-71op/foto_6.webp\", \"vehicles/maxus-t60-dx-4x4-28-mec-ano-2023-2023-71op/foto_8.webp\", \"vehicles/maxus-t60-dx-4x4-28-mec-ano-2023-2023-71op/foto_9.webp\"]',NULL,'2025-12-17 23:33:43','2026-01-16 14:27:46'),(65,8,2,7,'T60 Glx (Iva Incluido)',2021,214845,13990000,NULL,NULL,'Diesel','AUTOMATICA','4x2','BLANCO','2000',0,0,0,0,1,0,'maxus-t60-glx-4x4-20-aut-ano-2021-iva-incluido-2021-sv4v','','[\"vehicles/maxus-t60-glx-4x4-20-aut-ano-2021-iva-incluido-2021-sv4v/foto_10.webp\", \"vehicles/maxus-t60-glx-4x4-20-aut-ano-2021-iva-incluido-2021-sv4v/foto_1.webp\", \"vehicles/maxus-t60-glx-4x4-20-aut-ano-2021-iva-incluido-2021-sv4v/foto_13.webp\", \"vehicles/maxus-t60-glx-4x4-20-aut-ano-2021-iva-incluido-2021-sv4v/foto_16.webp\", \"vehicles/maxus-t60-glx-4x4-20-aut-ano-2021-iva-incluido-2021-sv4v/foto_19.webp\", \"vehicles/maxus-t60-glx-4x4-20-aut-ano-2021-iva-incluido-2021-sv4v/foto_20.webp\", \"vehicles/maxus-t60-glx-4x4-20-aut-ano-2021-iva-incluido-2021-sv4v/foto_23.webp\", \"vehicles/maxus-t60-glx-4x4-20-aut-ano-2021-iva-incluido-2021-sv4v/foto_24.webp\", \"vehicles/maxus-t60-glx-4x4-20-aut-ano-2021-iva-incluido-2021-sv4v/foto_25.webp\", \"vehicles/maxus-t60-glx-4x4-20-aut-ano-2021-iva-incluido-2021-sv4v/foto_3.webp\", \"vehicles/maxus-t60-glx-4x4-20-aut-ano-2021-iva-incluido-2021-sv4v/foto_4.webp\", \"vehicles/maxus-t60-glx-4x4-20-aut-ano-2021-iva-incluido-2021-sv4v/foto_5.webp\", \"vehicles/maxus-t60-glx-4x4-20-aut-ano-2021-iva-incluido-2021-sv4v/foto_6.webp\", \"vehicles/maxus-t60-glx-4x4-20-aut-ano-2021-iva-incluido-2021-sv4v/foto_8.webp\", \"vehicles/maxus-t60-glx-4x4-20-aut-ano-2021-iva-incluido-2021-sv4v/foto_9.webp\"]',NULL,'2025-12-17 23:33:43','2026-01-16 14:27:45'),(66,21,2,9,'S3 Hb',2021,93403,8990000,NULL,NULL,'Gasolina','MECANICA','4x2','BLANCO','1500',0,0,0,0,1,0,'jac-s3-hb-16-full-mec-ano-2021-2021-s5s9','','[\"vehicles/jac-s3-hb-16-full-mec-ano-2021-2021-s5s9/foto_1.webp\", \"vehicles/jac-s3-hb-16-full-mec-ano-2021-2021-s5s9/foto_10.webp\", \"vehicles/jac-s3-hb-16-full-mec-ano-2021-2021-s5s9/foto_13.webp\", \"vehicles/jac-s3-hb-16-full-mec-ano-2021-2021-s5s9/foto_16.webp\", \"vehicles/jac-s3-hb-16-full-mec-ano-2021-2021-s5s9/foto_17.webp\", \"vehicles/jac-s3-hb-16-full-mec-ano-2021-2021-s5s9/foto_2.webp\", \"vehicles/jac-s3-hb-16-full-mec-ano-2021-2021-s5s9/foto_21.webp\", \"vehicles/jac-s3-hb-16-full-mec-ano-2021-2021-s5s9/foto_23.webp\", \"vehicles/jac-s3-hb-16-full-mec-ano-2021-2021-s5s9/foto_24.webp\", \"vehicles/jac-s3-hb-16-full-mec-ano-2021-2021-s5s9/foto_25.webp\", \"vehicles/jac-s3-hb-16-full-mec-ano-2021-2021-s5s9/foto_3.webp\", \"vehicles/jac-s3-hb-16-full-mec-ano-2021-2021-s5s9/foto_5.webp\", \"vehicles/jac-s3-hb-16-full-mec-ano-2021-2021-s5s9/foto_6.webp\", \"vehicles/jac-s3-hb-16-full-mec-ano-2021-2021-s5s9/foto_7.webp\", \"vehicles/jac-s3-hb-16-full-mec-ano-2021-2021-s5s9/foto_8.webp\"]',NULL,'2025-12-17 23:33:43','2026-01-16 14:27:48'),(67,16,2,1,'Onix Lt',2017,132605,5990000,NULL,NULL,'Gasolina','MECANICA','4x2','','1400',0,0,0,0,1,0,'chevrolet-onix-lt-14-mec-ano-2017-2017-gjrx','','[\"vehicles/chevrolet-onix-lt-14-mec-ano-2017-2017-gjrx/foto_10.webp\", \"vehicles/chevrolet-onix-lt-14-mec-ano-2017-2017-gjrx/foto_12.webp\", \"vehicles/chevrolet-onix-lt-14-mec-ano-2017-2017-gjrx/foto_14.webp\", \"vehicles/chevrolet-onix-lt-14-mec-ano-2017-2017-gjrx/foto_15.webp\", \"vehicles/chevrolet-onix-lt-14-mec-ano-2017-2017-gjrx/foto_17.webp\", \"vehicles/chevrolet-onix-lt-14-mec-ano-2017-2017-gjrx/foto_18.webp\", \"vehicles/chevrolet-onix-lt-14-mec-ano-2017-2017-gjrx/foto_19.webp\", \"vehicles/chevrolet-onix-lt-14-mec-ano-2017-2017-gjrx/foto_2.webp\", \"vehicles/chevrolet-onix-lt-14-mec-ano-2017-2017-gjrx/foto_20.webp\", \"vehicles/chevrolet-onix-lt-14-mec-ano-2017-2017-gjrx/foto_22.webp\", \"vehicles/chevrolet-onix-lt-14-mec-ano-2017-2017-gjrx/foto_3.webp\", \"vehicles/chevrolet-onix-lt-14-mec-ano-2017-2017-gjrx/foto_5.webp\", \"vehicles/chevrolet-onix-lt-14-mec-ano-2017-2017-gjrx/foto_6.webp\", \"vehicles/chevrolet-onix-lt-14-mec-ano-2017-2017-gjrx/foto_7.webp\", \"vehicles/chevrolet-onix-lt-14-mec-ano-2017-2017-gjrx/foto_8.webp\"]',NULL,'2025-12-17 23:33:43','2026-01-16 14:27:43'),(68,16,2,7,'Montana',2024,22098,17990000,NULL,NULL,'Gasolina','MECANICA','4x2','ROJO','1200',0,0,0,1,1,0,'volvo-xc60-t8-recharge-ultimate-full-automatico-ano-2024-hibrido-enchufable-2024-pozn','','[\"vehicles/volvo-xc60-t8-recharge-ultimate-full-automatico-ano-2024-hibrido-enchufable-2024-pozn/foto_1.webp\", \"vehicles/volvo-xc60-t8-recharge-ultimate-full-automatico-ano-2024-hibrido-enchufable-2024-pozn/foto_11.webp\", \"vehicles/volvo-xc60-t8-recharge-ultimate-full-automatico-ano-2024-hibrido-enchufable-2024-pozn/foto_17.webp\", \"vehicles/volvo-xc60-t8-recharge-ultimate-full-automatico-ano-2024-hibrido-enchufable-2024-pozn/foto_18.webp\", \"vehicles/volvo-xc60-t8-recharge-ultimate-full-automatico-ano-2024-hibrido-enchufable-2024-pozn/foto_20.webp\", \"vehicles/volvo-xc60-t8-recharge-ultimate-full-automatico-ano-2024-hibrido-enchufable-2024-pozn/foto_21.webp\", \"vehicles/volvo-xc60-t8-recharge-ultimate-full-automatico-ano-2024-hibrido-enchufable-2024-pozn/foto_3.webp\", \"vehicles/volvo-xc60-t8-recharge-ultimate-full-automatico-ano-2024-hibrido-enchufable-2024-pozn/foto_4.webp\", \"vehicles/volvo-xc60-t8-recharge-ultimate-full-automatico-ano-2024-hibrido-enchufable-2024-pozn/foto_5.webp\", \"vehicles/volvo-xc60-t8-recharge-ultimate-full-automatico-ano-2024-hibrido-enchufable-2024-pozn/foto_6.webp\", \"vehicles/volvo-xc60-t8-recharge-ultimate-full-automatico-ano-2024-hibrido-enchufable-2024-pozn/foto_9.webp\"]',NULL,'2025-12-17 23:33:43','2026-01-16 14:23:58'),(69,6,2,9,'Rx-5',2023,45,11900000,NULL,NULL,'Gasolina','MECANICA','4x2','','1500',0,0,0,0,1,0,'chevrolet-montana-12-mec-ano-2024-2024-pdzt','','[\"vehicles/chevrolet-montana-12-mec-ano-2024-2024-pdzt/foto_23.webp\", \"vehicles/chevrolet-montana-12-mec-ano-2024-2024-pdzt/foto_14.webp\", \"vehicles/chevrolet-montana-12-mec-ano-2024-2024-pdzt/foto_1.webp\", \"vehicles/chevrolet-montana-12-mec-ano-2024-2024-pdzt/foto_11.webp\", \"vehicles/chevrolet-montana-12-mec-ano-2024-2024-pdzt/foto_12.webp\", \"vehicles/chevrolet-montana-12-mec-ano-2024-2024-pdzt/foto_15.webp\", \"vehicles/chevrolet-montana-12-mec-ano-2024-2024-pdzt/foto_16.webp\", \"vehicles/chevrolet-montana-12-mec-ano-2024-2024-pdzt/foto_19.webp\", \"vehicles/chevrolet-montana-12-mec-ano-2024-2024-pdzt/foto_2.webp\", \"vehicles/chevrolet-montana-12-mec-ano-2024-2024-pdzt/foto_22.webp\", \"vehicles/chevrolet-montana-12-mec-ano-2024-2024-pdzt/foto_24.webp\", \"vehicles/chevrolet-montana-12-mec-ano-2024-2024-pdzt/foto_25.webp\", \"vehicles/chevrolet-montana-12-mec-ano-2024-2024-pdzt/foto_3.webp\", \"vehicles/chevrolet-montana-12-mec-ano-2024-2024-pdzt/foto_5.webp\", \"vehicles/chevrolet-montana-12-mec-ano-2024-2024-pdzt/foto_8.webp\"]',NULL,'2025-12-17 23:33:43','2026-01-16 14:27:39'),(70,14,2,9,'Grand Vitara Glx Sport',2016,106250,9490000,NULL,NULL,'Gasolina','MECANICA','4x2','','1600',0,0,0,0,1,0,'mg-rx-5-15-full-mecanico-ano-2023-2023-dvns','','[\"vehicles/mg-rx-5-15-full-mecanico-ano-2023-2023-dvns/foto_1.webp\", \"vehicles/mg-rx-5-15-full-mecanico-ano-2023-2023-dvns/foto_11.webp\", \"vehicles/mg-rx-5-15-full-mecanico-ano-2023-2023-dvns/foto_14.webp\", \"vehicles/mg-rx-5-15-full-mecanico-ano-2023-2023-dvns/foto_15.webp\", \"vehicles/mg-rx-5-15-full-mecanico-ano-2023-2023-dvns/foto_17.webp\", \"vehicles/mg-rx-5-15-full-mecanico-ano-2023-2023-dvns/foto_19.webp\", \"vehicles/mg-rx-5-15-full-mecanico-ano-2023-2023-dvns/foto_21.webp\", \"vehicles/mg-rx-5-15-full-mecanico-ano-2023-2023-dvns/foto_22.webp\", \"vehicles/mg-rx-5-15-full-mecanico-ano-2023-2023-dvns/foto_25.webp\", \"vehicles/mg-rx-5-15-full-mecanico-ano-2023-2023-dvns/foto_3.webp\", \"vehicles/mg-rx-5-15-full-mecanico-ano-2023-2023-dvns/foto_4.webp\", \"vehicles/mg-rx-5-15-full-mecanico-ano-2023-2023-dvns/foto_5.webp\", \"vehicles/mg-rx-5-15-full-mecanico-ano-2023-2023-dvns/foto_6.webp\", \"vehicles/mg-rx-5-15-full-mecanico-ano-2023-2023-dvns/foto_7.webp\", \"vehicles/mg-rx-5-15-full-mecanico-ano-2023-2023-dvns/foto_9.webp\"]',NULL,'2025-12-17 23:33:43','2026-01-16 14:27:42'),(71,4,2,9,'Tiguan Comfortline Tsi',2018,117358,13490000,NULL,NULL,'Gasolina','AUTOMATICA','4x2','','1400',0,0,0,0,1,0,'suzuki-grand-vitara-glx-sport-4x4-16-ano-2016-2016-mub5','','[\"vehicles/suzuki-grand-vitara-glx-sport-4x4-16-ano-2016-2016-mub5/foto_1.webp\", \"vehicles/suzuki-grand-vitara-glx-sport-4x4-16-ano-2016-2016-mub5/foto_10.webp\", \"vehicles/suzuki-grand-vitara-glx-sport-4x4-16-ano-2016-2016-mub5/foto_11.webp\", \"vehicles/suzuki-grand-vitara-glx-sport-4x4-16-ano-2016-2016-mub5/foto_13.webp\", \"vehicles/suzuki-grand-vitara-glx-sport-4x4-16-ano-2016-2016-mub5/foto_14.webp\", \"vehicles/suzuki-grand-vitara-glx-sport-4x4-16-ano-2016-2016-mub5/foto_19.webp\", \"vehicles/suzuki-grand-vitara-glx-sport-4x4-16-ano-2016-2016-mub5/foto_2.webp\", \"vehicles/suzuki-grand-vitara-glx-sport-4x4-16-ano-2016-2016-mub5/foto_20.webp\", \"vehicles/suzuki-grand-vitara-glx-sport-4x4-16-ano-2016-2016-mub5/foto_21.webp\", \"vehicles/suzuki-grand-vitara-glx-sport-4x4-16-ano-2016-2016-mub5/foto_3.webp\", \"vehicles/suzuki-grand-vitara-glx-sport-4x4-16-ano-2016-2016-mub5/foto_4.webp\", \"vehicles/suzuki-grand-vitara-glx-sport-4x4-16-ano-2016-2016-mub5/foto_5.webp\", \"vehicles/suzuki-grand-vitara-glx-sport-4x4-16-ano-2016-2016-mub5/foto_7.webp\", \"vehicles/suzuki-grand-vitara-glx-sport-4x4-16-ano-2016-2016-mub5/foto_8.webp\", \"vehicles/suzuki-grand-vitara-glx-sport-4x4-16-ano-2016-2016-mub5/foto_9.webp\"]',NULL,'2025-12-17 23:33:43','2026-01-16 14:27:40'),(72,4,2,7,'Amarok',2022,199855,19690000,NULL,NULL,'Diesel','AUTOMATICA','4x2','','2000',0,0,0,0,1,0,'volkswagen-tiguan-comfortline-tsi-14-aut-ano-2018-2018-muhh','','[\"vehicles/volkswagen-tiguan-comfortline-tsi-14-aut-ano-2018-2018-muhh/foto_1.webp\", \"vehicles/volkswagen-tiguan-comfortline-tsi-14-aut-ano-2018-2018-muhh/foto_10.webp\", \"vehicles/volkswagen-tiguan-comfortline-tsi-14-aut-ano-2018-2018-muhh/foto_11.webp\", \"vehicles/volkswagen-tiguan-comfortline-tsi-14-aut-ano-2018-2018-muhh/foto_13.webp\", \"vehicles/volkswagen-tiguan-comfortline-tsi-14-aut-ano-2018-2018-muhh/foto_17.webp\", \"vehicles/volkswagen-tiguan-comfortline-tsi-14-aut-ano-2018-2018-muhh/foto_2.webp\", \"vehicles/volkswagen-tiguan-comfortline-tsi-14-aut-ano-2018-2018-muhh/foto_20.webp\", \"vehicles/volkswagen-tiguan-comfortline-tsi-14-aut-ano-2018-2018-muhh/foto_22.webp\", \"vehicles/volkswagen-tiguan-comfortline-tsi-14-aut-ano-2018-2018-muhh/foto_24.webp\", \"vehicles/volkswagen-tiguan-comfortline-tsi-14-aut-ano-2018-2018-muhh/foto_25.webp\", \"vehicles/volkswagen-tiguan-comfortline-tsi-14-aut-ano-2018-2018-muhh/foto_3.webp\", \"vehicles/volkswagen-tiguan-comfortline-tsi-14-aut-ano-2018-2018-muhh/foto_5.webp\", \"vehicles/volkswagen-tiguan-comfortline-tsi-14-aut-ano-2018-2018-muhh/foto_6.webp\", \"vehicles/volkswagen-tiguan-comfortline-tsi-14-aut-ano-2018-2018-muhh/foto_7.webp\", \"vehicles/volkswagen-tiguan-comfortline-tsi-14-aut-ano-2018-2018-muhh/foto_8.webp\"]',NULL,'2025-12-17 23:33:43','2026-01-16 14:27:33'),(73,20,2,9,'Coolray',2022,82051,10790000,NULL,NULL,'Gasolina','AUTOMATICA','4x2','','1500',0,0,0,0,1,0,'volkswagen-amarok-4x4-20-aut-ano-2022-2022-5kv5','','[\"vehicles/volkswagen-amarok-4x4-20-aut-ano-2022-2022-5kv5/foto_25.webp\", \"vehicles/volkswagen-amarok-4x4-20-aut-ano-2022-2022-5kv5/foto_1.webp\", \"vehicles/volkswagen-amarok-4x4-20-aut-ano-2022-2022-5kv5/foto_10.webp\", \"vehicles/volkswagen-amarok-4x4-20-aut-ano-2022-2022-5kv5/foto_12.webp\", \"vehicles/volkswagen-amarok-4x4-20-aut-ano-2022-2022-5kv5/foto_14.webp\", \"vehicles/volkswagen-amarok-4x4-20-aut-ano-2022-2022-5kv5/foto_19.webp\", \"vehicles/volkswagen-amarok-4x4-20-aut-ano-2022-2022-5kv5/foto_22.webp\", \"vehicles/volkswagen-amarok-4x4-20-aut-ano-2022-2022-5kv5/foto_23.webp\", \"vehicles/volkswagen-amarok-4x4-20-aut-ano-2022-2022-5kv5/foto_24.webp\", \"vehicles/volkswagen-amarok-4x4-20-aut-ano-2022-2022-5kv5/foto_3.webp\", \"vehicles/volkswagen-amarok-4x4-20-aut-ano-2022-2022-5kv5/foto_4.webp\", \"vehicles/volkswagen-amarok-4x4-20-aut-ano-2022-2022-5kv5/foto_5.webp\", \"vehicles/volkswagen-amarok-4x4-20-aut-ano-2022-2022-5kv5/foto_6.webp\", \"vehicles/volkswagen-amarok-4x4-20-aut-ano-2022-2022-5kv5/foto_7.webp\", \"vehicles/volkswagen-amarok-4x4-20-aut-ano-2022-2022-5kv5/foto_9.webp\"]',NULL,'2025-12-17 23:33:43','2026-01-16 14:27:37'),(74,22,1,1,'F56 Cooper S Pepper',2015,67950,16990000,NULL,NULL,'Gasolina','AUTOMATICA','4x2','BLANCO','2000',0,0,0,1,1,0,'geely-coolray-15-automatico-ano-2022-2022-xkqm','','[\"vehicles/geely-coolray-15-automatico-ano-2022-2022-xkqm/foto_1.webp\", \"vehicles/geely-coolray-15-automatico-ano-2022-2022-xkqm/foto_11.webp\", \"vehicles/geely-coolray-15-automatico-ano-2022-2022-xkqm/foto_12.webp\", \"vehicles/geely-coolray-15-automatico-ano-2022-2022-xkqm/foto_14.webp\", \"vehicles/geely-coolray-15-automatico-ano-2022-2022-xkqm/foto_17.webp\", \"vehicles/geely-coolray-15-automatico-ano-2022-2022-xkqm/foto_19.webp\", \"vehicles/geely-coolray-15-automatico-ano-2022-2022-xkqm/foto_2.webp\", \"vehicles/geely-coolray-15-automatico-ano-2022-2022-xkqm/foto_20.webp\", \"vehicles/geely-coolray-15-automatico-ano-2022-2022-xkqm/foto_23.webp\", \"vehicles/geely-coolray-15-automatico-ano-2022-2022-xkqm/foto_4.webp\", \"vehicles/geely-coolray-15-automatico-ano-2022-2022-xkqm/foto_5.webp\", \"vehicles/geely-coolray-15-automatico-ano-2022-2022-xkqm/foto_6.webp\", \"vehicles/geely-coolray-15-automatico-ano-2022-2022-xkqm/foto_7.webp\", \"vehicles/geely-coolray-15-automatico-ano-2022-2022-xkqm/foto_8.webp\", \"vehicles/geely-coolray-15-automatico-ano-2022-2022-xkqm/foto_9.webp\"]',NULL,'2025-12-17 23:33:43','2026-01-16 14:37:59'),(75,19,2,9,'Niro Gdi',2020,60266,19990000,NULL,NULL,'Gasolina','AUTOMATICA','4x2','PLATEADO','1600',0,0,0,0,1,0,'mini-f56-cooper-s-pepper-20-aut-full-ano-2015-2015-amdj','','[\"vehicles/mini-f56-cooper-s-pepper-20-aut-full-ano-2015-2015-amdj/foto_1.webp\", \"vehicles/mini-f56-cooper-s-pepper-20-aut-full-ano-2015-2015-amdj/foto_11.webp\", \"vehicles/mini-f56-cooper-s-pepper-20-aut-full-ano-2015-2015-amdj/foto_13.webp\", \"vehicles/mini-f56-cooper-s-pepper-20-aut-full-ano-2015-2015-amdj/foto_14.webp\", \"vehicles/mini-f56-cooper-s-pepper-20-aut-full-ano-2015-2015-amdj/foto_17.webp\", \"vehicles/mini-f56-cooper-s-pepper-20-aut-full-ano-2015-2015-amdj/foto_19.webp\", \"vehicles/mini-f56-cooper-s-pepper-20-aut-full-ano-2015-2015-amdj/foto_21.webp\", \"vehicles/mini-f56-cooper-s-pepper-20-aut-full-ano-2015-2015-amdj/foto_3.webp\", \"vehicles/mini-f56-cooper-s-pepper-20-aut-full-ano-2015-2015-amdj/foto_4.webp\", \"vehicles/mini-f56-cooper-s-pepper-20-aut-full-ano-2015-2015-amdj/foto_6.webp\", \"vehicles/mini-f56-cooper-s-pepper-20-aut-full-ano-2015-2015-amdj/foto_9.webp\"]',NULL,'2025-12-17 23:33:43','2026-01-16 14:24:07'),(76,23,2,9,'New Cr V Lxs',2019,63015,17090000,NULL,NULL,'Gasolina','AUTOMATICA','4x2','','2400',0,0,0,0,1,0,'kia-motors-niro-gdi-16-aut-ano-2020-2020-xmab','','[\"vehicles/kia-motors-niro-gdi-16-aut-ano-2020-2020-xmab/foto_1.webp\", \"vehicles/kia-motors-niro-gdi-16-aut-ano-2020-2020-xmab/foto_10.webp\", \"vehicles/kia-motors-niro-gdi-16-aut-ano-2020-2020-xmab/foto_12.webp\", \"vehicles/kia-motors-niro-gdi-16-aut-ano-2020-2020-xmab/foto_13.webp\", \"vehicles/kia-motors-niro-gdi-16-aut-ano-2020-2020-xmab/foto_17.webp\", \"vehicles/kia-motors-niro-gdi-16-aut-ano-2020-2020-xmab/foto_19.webp\", \"vehicles/kia-motors-niro-gdi-16-aut-ano-2020-2020-xmab/foto_20.webp\", \"vehicles/kia-motors-niro-gdi-16-aut-ano-2020-2020-xmab/foto_21.webp\", \"vehicles/kia-motors-niro-gdi-16-aut-ano-2020-2020-xmab/foto_22.webp\", \"vehicles/kia-motors-niro-gdi-16-aut-ano-2020-2020-xmab/foto_23.webp\", \"vehicles/kia-motors-niro-gdi-16-aut-ano-2020-2020-xmab/foto_24.webp\", \"vehicles/kia-motors-niro-gdi-16-aut-ano-2020-2020-xmab/foto_25.webp\", \"vehicles/kia-motors-niro-gdi-16-aut-ano-2020-2020-xmab/foto_3.webp\", \"vehicles/kia-motors-niro-gdi-16-aut-ano-2020-2020-xmab/foto_4.webp\", \"vehicles/kia-motors-niro-gdi-16-aut-ano-2020-2020-xmab/foto_7.webp\"]',NULL,'2025-12-17 23:33:43','2026-01-16 14:27:29'),(77,1,1,5,'X1 Sdrive 18D Dynamic',2021,53000,25980000,24980000,NULL,'Diesel','AUTOMATICA','4x2','GRIS','2000',0,0,0,1,1,0,'honda-new-cr-v-lxs-24-aut-ano-2019-2019-0eps','','[\"vehicles/honda-new-cr-v-lxs-24-aut-ano-2019-2019-0eps/foto_9.webp\", \"vehicles/honda-new-cr-v-lxs-24-aut-ano-2019-2019-0eps/foto_11.webp\", \"vehicles/honda-new-cr-v-lxs-24-aut-ano-2019-2019-0eps/foto_12.webp\", \"vehicles/honda-new-cr-v-lxs-24-aut-ano-2019-2019-0eps/foto_15.webp\", \"vehicles/honda-new-cr-v-lxs-24-aut-ano-2019-2019-0eps/foto_17.webp\", \"vehicles/honda-new-cr-v-lxs-24-aut-ano-2019-2019-0eps/foto_18.webp\", \"vehicles/honda-new-cr-v-lxs-24-aut-ano-2019-2019-0eps/foto_2.webp\", \"vehicles/honda-new-cr-v-lxs-24-aut-ano-2019-2019-0eps/foto_23.webp\", \"vehicles/honda-new-cr-v-lxs-24-aut-ano-2019-2019-0eps/foto_24.webp\", \"vehicles/honda-new-cr-v-lxs-24-aut-ano-2019-2019-0eps/foto_3.webp\", \"vehicles/honda-new-cr-v-lxs-24-aut-ano-2019-2019-0eps/foto_4.webp\", \"vehicles/honda-new-cr-v-lxs-24-aut-ano-2019-2019-0eps/foto_5.webp\", \"vehicles/honda-new-cr-v-lxs-24-aut-ano-2019-2019-0eps/foto_6.webp\", \"vehicles/honda-new-cr-v-lxs-24-aut-ano-2019-2019-0eps/foto_8.webp\"]',NULL,'2025-12-17 23:33:43','2026-01-16 14:32:07'),(78,4,2,9,'Tiguan Tsi',2015,129077,10490000,NULL,NULL,'Gasolina','MECANICA','4x2','','1400',0,0,0,1,1,0,'bmw-x1-sdrive-18d-dynamic-full-automatico-ano-2021-2021-nxjv','','[\"vehicles/bmw-x1-sdrive-18d-dynamic-full-automatico-ano-2021-2021-nxjv/foto_8.webp\", \"vehicles/bmw-x1-sdrive-18d-dynamic-full-automatico-ano-2021-2021-nxjv/foto_1.webp\", \"vehicles/bmw-x1-sdrive-18d-dynamic-full-automatico-ano-2021-2021-nxjv/foto_10.webp\", \"vehicles/bmw-x1-sdrive-18d-dynamic-full-automatico-ano-2021-2021-nxjv/foto_12.webp\", \"vehicles/bmw-x1-sdrive-18d-dynamic-full-automatico-ano-2021-2021-nxjv/foto_19.webp\", \"vehicles/bmw-x1-sdrive-18d-dynamic-full-automatico-ano-2021-2021-nxjv/foto_2.webp\", \"vehicles/bmw-x1-sdrive-18d-dynamic-full-automatico-ano-2021-2021-nxjv/foto_21.webp\", \"vehicles/bmw-x1-sdrive-18d-dynamic-full-automatico-ano-2021-2021-nxjv/foto_3.webp\", \"vehicles/bmw-x1-sdrive-18d-dynamic-full-automatico-ano-2021-2021-nxjv/foto_4.webp\", \"vehicles/bmw-x1-sdrive-18d-dynamic-full-automatico-ano-2021-2021-nxjv/foto_5.webp\", \"vehicles/bmw-x1-sdrive-18d-dynamic-full-automatico-ano-2021-2021-nxjv/foto_7.webp\"]',NULL,'2025-12-17 23:33:43','2026-01-16 14:24:33'),(79,12,2,9,'Corolla Cross Hev',2023,47777,20990000,NULL,NULL,'Gasolina','AUTOMATICA','4x2','ROJO','1800',0,0,0,0,1,0,'volkswagen-tiguan-tsi-14-full-mecanico-ano-2015-2015-cjch','','[\"vehicles/volkswagen-tiguan-tsi-14-full-mecanico-ano-2015-2015-cjch/foto_9.webp\", \"vehicles/volkswagen-tiguan-tsi-14-full-mecanico-ano-2015-2015-cjch/foto_17.webp\", \"vehicles/volkswagen-tiguan-tsi-14-full-mecanico-ano-2015-2015-cjch/foto_11.webp\", \"vehicles/volkswagen-tiguan-tsi-14-full-mecanico-ano-2015-2015-cjch/foto_16.webp\", \"vehicles/volkswagen-tiguan-tsi-14-full-mecanico-ano-2015-2015-cjch/foto_21.webp\", \"vehicles/volkswagen-tiguan-tsi-14-full-mecanico-ano-2015-2015-cjch/foto_3.webp\", \"vehicles/volkswagen-tiguan-tsi-14-full-mecanico-ano-2015-2015-cjch/foto_5.webp\", \"vehicles/volkswagen-tiguan-tsi-14-full-mecanico-ano-2015-2015-cjch/foto_1.webp\", \"vehicles/volkswagen-tiguan-tsi-14-full-mecanico-ano-2015-2015-cjch/foto_8.webp\", \"vehicles/volkswagen-tiguan-tsi-14-full-mecanico-ano-2015-2015-cjch/foto_18.webp\", \"vehicles/volkswagen-tiguan-tsi-14-full-mecanico-ano-2015-2015-cjch/foto_13.webp\", \"vehicles/volkswagen-tiguan-tsi-14-full-mecanico-ano-2015-2015-cjch/foto_2.webp\", \"vehicles/volkswagen-tiguan-tsi-14-full-mecanico-ano-2015-2015-cjch/foto_6.webp\", \"vehicles/volkswagen-tiguan-tsi-14-full-mecanico-ano-2015-2015-cjch/foto_24.webp\"]',NULL,'2025-12-17 23:33:43','2026-01-16 14:24:26'),(80,6,2,1,'3 Hatch Back',2023,57185,7990000,NULL,NULL,'Gasolina','MECANICA','4x2','','1500',0,0,0,0,1,0,'toyota-corolla-cross-cvt-hev-18-aut-ano-2023-2023-qlf3','','[\"vehicles/toyota-corolla-cross-cvt-hev-18-aut-ano-2023-2023-qlf3/foto_18.webp\", \"vehicles/toyota-corolla-cross-cvt-hev-18-aut-ano-2023-2023-qlf3/foto_1.webp\", \"vehicles/toyota-corolla-cross-cvt-hev-18-aut-ano-2023-2023-qlf3/foto_10.webp\", \"vehicles/toyota-corolla-cross-cvt-hev-18-aut-ano-2023-2023-qlf3/foto_11.webp\", \"vehicles/toyota-corolla-cross-cvt-hev-18-aut-ano-2023-2023-qlf3/foto_13.webp\", \"vehicles/toyota-corolla-cross-cvt-hev-18-aut-ano-2023-2023-qlf3/foto_16.webp\", \"vehicles/toyota-corolla-cross-cvt-hev-18-aut-ano-2023-2023-qlf3/foto_19.webp\", \"vehicles/toyota-corolla-cross-cvt-hev-18-aut-ano-2023-2023-qlf3/foto_22.webp\", \"vehicles/toyota-corolla-cross-cvt-hev-18-aut-ano-2023-2023-qlf3/foto_25.webp\", \"vehicles/toyota-corolla-cross-cvt-hev-18-aut-ano-2023-2023-qlf3/foto_26.webp\", \"vehicles/toyota-corolla-cross-cvt-hev-18-aut-ano-2023-2023-qlf3/foto_3.webp\", \"vehicles/toyota-corolla-cross-cvt-hev-18-aut-ano-2023-2023-qlf3/foto_4.webp\", \"vehicles/toyota-corolla-cross-cvt-hev-18-aut-ano-2023-2023-qlf3/foto_5.webp\", \"vehicles/toyota-corolla-cross-cvt-hev-18-aut-ano-2023-2023-qlf3/foto_6.webp\", \"vehicles/toyota-corolla-cross-cvt-hev-18-aut-ano-2023-2023-qlf3/foto_8.webp\", \"vehicles/toyota-corolla-cross-cvt-hev-18-aut-ano-2023-2023-qlf3/foto_9.webp\"]',NULL,'2025-12-17 23:33:43','2026-01-16 14:24:15'),(81,16,2,9,'Tracker',2021,80236,9990000,NULL,NULL,'Gasolina','MECANICA','4x2','','1200',0,0,0,0,1,0,'mg-3-hatch-back-15-mec-full-equipo-ano-2023-2023-k5np','','[\"vehicles/mg-3-hatch-back-15-mec-full-equipo-ano-2023-2023-k5np/foto_10.webp\", \"vehicles/mg-3-hatch-back-15-mec-full-equipo-ano-2023-2023-k5np/foto_1.webp\", \"vehicles/mg-3-hatch-back-15-mec-full-equipo-ano-2023-2023-k5np/foto_12.webp\", \"vehicles/mg-3-hatch-back-15-mec-full-equipo-ano-2023-2023-k5np/foto_15.webp\", \"vehicles/mg-3-hatch-back-15-mec-full-equipo-ano-2023-2023-k5np/foto_2.webp\", \"vehicles/mg-3-hatch-back-15-mec-full-equipo-ano-2023-2023-k5np/foto_20.webp\", \"vehicles/mg-3-hatch-back-15-mec-full-equipo-ano-2023-2023-k5np/foto_22.webp\", \"vehicles/mg-3-hatch-back-15-mec-full-equipo-ano-2023-2023-k5np/foto_23.webp\", \"vehicles/mg-3-hatch-back-15-mec-full-equipo-ano-2023-2023-k5np/foto_24.webp\", \"vehicles/mg-3-hatch-back-15-mec-full-equipo-ano-2023-2023-k5np/foto_25.webp\", \"vehicles/mg-3-hatch-back-15-mec-full-equipo-ano-2023-2023-k5np/foto_3.webp\", \"vehicles/mg-3-hatch-back-15-mec-full-equipo-ano-2023-2023-k5np/foto_5.webp\", \"vehicles/mg-3-hatch-back-15-mec-full-equipo-ano-2023-2023-k5np/foto_6.webp\", \"vehicles/mg-3-hatch-back-15-mec-full-equipo-ano-2023-2023-k5np/foto_8.webp\", \"vehicles/mg-3-hatch-back-15-mec-full-equipo-ano-2023-2023-k5np/foto_9.webp\"]',NULL,'2025-12-17 23:33:43','2026-01-16 14:23:59'),(82,6,2,6,'5',2022,53466,7990000,NULL,6990000,'Gasolina','MECANICA','4x2','','1500',0,0,0,0,1,0,'chevrolet-tracker-12t-full-mecanico-ano-2021-2021-bcnx','','[\"vehicles/chevrolet-tracker-12t-full-mecanico-ano-2021-2021-bcnx/foto_4.webp\", \"vehicles/chevrolet-tracker-12t-full-mecanico-ano-2021-2021-bcnx/foto_15.webp\", \"vehicles/chevrolet-tracker-12t-full-mecanico-ano-2021-2021-bcnx/foto_1.webp\", \"vehicles/chevrolet-tracker-12t-full-mecanico-ano-2021-2021-bcnx/foto_10.webp\", \"vehicles/chevrolet-tracker-12t-full-mecanico-ano-2021-2021-bcnx/foto_12.webp\", \"vehicles/chevrolet-tracker-12t-full-mecanico-ano-2021-2021-bcnx/foto_2.webp\", \"vehicles/chevrolet-tracker-12t-full-mecanico-ano-2021-2021-bcnx/foto_20.webp\", \"vehicles/chevrolet-tracker-12t-full-mecanico-ano-2021-2021-bcnx/foto_23.webp\", \"vehicles/chevrolet-tracker-12t-full-mecanico-ano-2021-2021-bcnx/foto_24.webp\", \"vehicles/chevrolet-tracker-12t-full-mecanico-ano-2021-2021-bcnx/foto_25.webp\", \"vehicles/chevrolet-tracker-12t-full-mecanico-ano-2021-2021-bcnx/foto_3.webp\", \"vehicles/chevrolet-tracker-12t-full-mecanico-ano-2021-2021-bcnx/foto_5.webp\", \"vehicles/chevrolet-tracker-12t-full-mecanico-ano-2021-2021-bcnx/foto_7.webp\", \"vehicles/chevrolet-tracker-12t-full-mecanico-ano-2021-2021-bcnx/foto_8.webp\", \"vehicles/chevrolet-tracker-12t-full-mecanico-ano-2021-2021-bcnx/foto_9.webp\"]',NULL,'2025-12-17 23:33:43','2026-01-16 14:24:16'),(83,24,2,9,'Escape Titanium',2022,63821,16590000,NULL,14990000,'Gasolina','AUTOMATICA','4x2','','2000',0,0,0,0,1,0,'mg-5-4x2-15-full-mecanico-ano-2022-2022-snrg','','[\"vehicles/mg-5-4x2-15-full-mecanico-ano-2022-2022-snrg/foto_5.webp\", \"vehicles/mg-5-4x2-15-full-mecanico-ano-2022-2022-snrg/foto_16.webp\", \"vehicles/mg-5-4x2-15-full-mecanico-ano-2022-2022-snrg/foto_19.webp\", \"vehicles/mg-5-4x2-15-full-mecanico-ano-2022-2022-snrg/foto_11.webp\", \"vehicles/mg-5-4x2-15-full-mecanico-ano-2022-2022-snrg/foto_1.webp\", \"vehicles/mg-5-4x2-15-full-mecanico-ano-2022-2022-snrg/foto_13.webp\", \"vehicles/mg-5-4x2-15-full-mecanico-ano-2022-2022-snrg/foto_22.webp\", \"vehicles/mg-5-4x2-15-full-mecanico-ano-2022-2022-snrg/foto_23.webp\", \"vehicles/mg-5-4x2-15-full-mecanico-ano-2022-2022-snrg/foto_24.webp\", \"vehicles/mg-5-4x2-15-full-mecanico-ano-2022-2022-snrg/foto_3.webp\", \"vehicles/mg-5-4x2-15-full-mecanico-ano-2022-2022-snrg/foto_4.webp\", \"vehicles/mg-5-4x2-15-full-mecanico-ano-2022-2022-snrg/foto_6.webp\", \"vehicles/mg-5-4x2-15-full-mecanico-ano-2022-2022-snrg/foto_8.webp\", \"vehicles/mg-5-4x2-15-full-mecanico-ano-2022-2022-snrg/foto_9.webp\"]',NULL,'2025-12-17 23:33:43','2026-01-16 14:27:23'),(84,14,2,1,'Swift',2023,74914,9990000,NULL,8990000,'Gasolina','MECANICA','4x2','GRIS','1200',0,1,0,0,1,0,'ford-escape-4x4-20-titanium-full-aut-ano-2022-2022-nqyq','','[\"vehicles/ford-escape-4x4-20-titanium-full-aut-ano-2022-2022-nqyq/foto_16.webp\", \"vehicles/ford-escape-4x4-20-titanium-full-aut-ano-2022-2022-nqyq/foto_1.webp\", \"vehicles/ford-escape-4x4-20-titanium-full-aut-ano-2022-2022-nqyq/foto_12.webp\", \"vehicles/ford-escape-4x4-20-titanium-full-aut-ano-2022-2022-nqyq/foto_13.webp\", \"vehicles/ford-escape-4x4-20-titanium-full-aut-ano-2022-2022-nqyq/foto_14.webp\", \"vehicles/ford-escape-4x4-20-titanium-full-aut-ano-2022-2022-nqyq/foto_18.webp\", \"vehicles/ford-escape-4x4-20-titanium-full-aut-ano-2022-2022-nqyq/foto_19.webp\", \"vehicles/ford-escape-4x4-20-titanium-full-aut-ano-2022-2022-nqyq/foto_2.webp\", \"vehicles/ford-escape-4x4-20-titanium-full-aut-ano-2022-2022-nqyq/foto_23.webp\", \"vehicles/ford-escape-4x4-20-titanium-full-aut-ano-2022-2022-nqyq/foto_24.webp\", \"vehicles/ford-escape-4x4-20-titanium-full-aut-ano-2022-2022-nqyq/foto_26.webp\", \"vehicles/ford-escape-4x4-20-titanium-full-aut-ano-2022-2022-nqyq/foto_3.webp\", \"vehicles/ford-escape-4x4-20-titanium-full-aut-ano-2022-2022-nqyq/foto_4.webp\", \"vehicles/ford-escape-4x4-20-titanium-full-aut-ano-2022-2022-nqyq/foto_5.webp\", \"vehicles/ford-escape-4x4-20-titanium-full-aut-ano-2022-2022-nqyq/foto_7.webp\", \"vehicles/ford-escape-4x4-20-titanium-full-aut-ano-2022-2022-nqyq/foto_9.webp\"]',NULL,'2025-12-17 23:33:43','2026-01-16 14:32:59'),(85,4,2,7,'Saveiro Cd',2024,44626,12490000,11490000,NULL,'Gasolina','MECANICA','4x2','','1600',0,0,0,0,1,0,'suzuki-swift-2wd-12-full-mecanico-ano-2023-2023-qrms','','[\"vehicles/suzuki-swift-2wd-12-full-mecanico-ano-2023-2023-qrms/foto_25.webp\", \"vehicles/suzuki-swift-2wd-12-full-mecanico-ano-2023-2023-qrms/foto_1.webp\", \"vehicles/suzuki-swift-2wd-12-full-mecanico-ano-2023-2023-qrms/foto_10.webp\", \"vehicles/suzuki-swift-2wd-12-full-mecanico-ano-2023-2023-qrms/foto_11.webp\", \"vehicles/suzuki-swift-2wd-12-full-mecanico-ano-2023-2023-qrms/foto_15.webp\", \"vehicles/suzuki-swift-2wd-12-full-mecanico-ano-2023-2023-qrms/foto_16.webp\", \"vehicles/suzuki-swift-2wd-12-full-mecanico-ano-2023-2023-qrms/foto_18.webp\", \"vehicles/suzuki-swift-2wd-12-full-mecanico-ano-2023-2023-qrms/foto_2.webp\", \"vehicles/suzuki-swift-2wd-12-full-mecanico-ano-2023-2023-qrms/foto_21.webp\", \"vehicles/suzuki-swift-2wd-12-full-mecanico-ano-2023-2023-qrms/foto_22.webp\", \"vehicles/suzuki-swift-2wd-12-full-mecanico-ano-2023-2023-qrms/foto_24.webp\", \"vehicles/suzuki-swift-2wd-12-full-mecanico-ano-2023-2023-qrms/foto_3.webp\", \"vehicles/suzuki-swift-2wd-12-full-mecanico-ano-2023-2023-qrms/foto_5.webp\", \"vehicles/suzuki-swift-2wd-12-full-mecanico-ano-2023-2023-qrms/foto_6.webp\", \"vehicles/suzuki-swift-2wd-12-full-mecanico-ano-2023-2023-qrms/foto_7.webp\"]',NULL,'2025-12-17 23:33:43','2026-01-16 14:27:20'),(86,3,1,6,'A3 Sport TFSI',2020,49300,20990000,NULL,NULL,'Gasolina','AUTOMATICA','4x2','','1400',0,0,0,1,0,0,'volkswagen-saveiro-cd-4x2-16-full-mec-ano-2024-2024-py6q','','[\"vehicles/volkswagen-saveiro-cd-4x2-16-full-mec-ano-2024-2024-py6q/foto_2.webp\", \"vehicles/volkswagen-saveiro-cd-4x2-16-full-mec-ano-2024-2024-py6q/foto_13.webp\", \"vehicles/volkswagen-saveiro-cd-4x2-16-full-mec-ano-2024-2024-py6q/foto_7.webp\", \"vehicles/volkswagen-saveiro-cd-4x2-16-full-mec-ano-2024-2024-py6q/foto_10.webp\", \"vehicles/volkswagen-saveiro-cd-4x2-16-full-mec-ano-2024-2024-py6q/foto_18.webp\", \"vehicles/volkswagen-saveiro-cd-4x2-16-full-mec-ano-2024-2024-py6q/foto_24.webp\", \"vehicles/volkswagen-saveiro-cd-4x2-16-full-mec-ano-2024-2024-py6q/foto_1.webp\", \"vehicles/volkswagen-saveiro-cd-4x2-16-full-mec-ano-2024-2024-py6q/foto_23.webp\", \"vehicles/volkswagen-saveiro-cd-4x2-16-full-mec-ano-2024-2024-py6q/foto_11.webp\", \"vehicles/volkswagen-saveiro-cd-4x2-16-full-mec-ano-2024-2024-py6q/foto_17.webp\", \"vehicles/volkswagen-saveiro-cd-4x2-16-full-mec-ano-2024-2024-py6q/foto_5.webp\", \"vehicles/volkswagen-saveiro-cd-4x2-16-full-mec-ano-2024-2024-py6q/foto_6.webp\", \"vehicles/volkswagen-saveiro-cd-4x2-16-full-mec-ano-2024-2024-py6q/foto_4.webp\", \"vehicles/volkswagen-saveiro-cd-4x2-16-full-mec-ano-2024-2024-py6q/foto_8.webp\", \"vehicles/volkswagen-saveiro-cd-4x2-16-full-mec-ano-2024-2024-py6q/foto_25.webp\"]',NULL,'2025-12-17 23:33:43','2026-01-16 14:37:07');
/*!40000 ALTER TABLE `vehicles` ENABLE KEYS */;
UNLOCK TABLES;

--
-- Table structure for table `whatsapp_numbers`
--

DROP TABLE IF EXISTS `whatsapp_numbers`;
/*!40101 SET @saved_cs_client     = @@character_set_client */;
/*!50503 SET character_set_client = utf8mb4 */;
CREATE TABLE `whatsapp_numbers` (
  `id` bigint unsigned NOT NULL AUTO_INCREMENT,
  `label` varchar(255) COLLATE utf8mb4_unicode_ci NOT NULL,
  `phone` varchar(255) COLLATE utf8mb4_unicode_ci NOT NULL,
  `is_active` tinyint(1) NOT NULL DEFAULT '1',
  `for_premium_only` tinyint(1) NOT NULL DEFAULT '0',
  `created_at` timestamp NULL DEFAULT NULL,
  `updated_at` timestamp NULL DEFAULT NULL,
  PRIMARY KEY (`id`)
) ENGINE=InnoDB AUTO_INCREMENT=3 DEFAULT CHARSET=utf8mb4 COLLATE=utf8mb4_unicode_ci;
/*!40101 SET character_set_client = @saved_cs_client */;

--
-- Dumping data for table `whatsapp_numbers`
--

LOCK TABLES `whatsapp_numbers` WRITE;
/*!40000 ALTER TABLE `whatsapp_numbers` DISABLE KEYS */;
INSERT INTO `whatsapp_numbers` VALUES (1,'Seminuevos Premium','56956599896',1,0,'2025-12-17 16:37:23','2026-01-16 13:56:35');
/*!40000 ALTER TABLE `whatsapp_numbers` ENABLE KEYS */;
UNLOCK TABLES;
/*!40103 SET TIME_ZONE=@OLD_TIME_ZONE */;

/*!40101 SET SQL_MODE=@OLD_SQL_MODE */;
/*!40014 SET FOREIGN_KEY_CHECKS=@OLD_FOREIGN_KEY_CHECKS */;
/*!40014 SET UNIQUE_CHECKS=@OLD_UNIQUE_CHECKS */;
/*!40101 SET CHARACTER_SET_CLIENT=@OLD_CHARACTER_SET_CLIENT */;
/*!40101 SET CHARACTER_SET_RESULTS=@OLD_CHARACTER_SET_RESULTS */;
/*!40101 SET COLLATION_CONNECTION=@OLD_COLLATION_CONNECTION */;
/*!40111 SET SQL_NOTES=@OLD_SQL_NOTES */;

-- Dump completed on 2026-01-16  9:06:28
